Clade	Pos	Ref	Alt
B	28144	T	C
B1	18060	C	T
B1a	17858	A	G
B1a1	17747	C	T
B1a1a	24694	A	T
B1a1a1	9445	T	C
B1a1a1a	17531	T	C
B1a1a1a	18756	G	T
B1a1a1b	29140	G	T
B4	28878	G	A
B4	29742	G	A
B2	29095	C	T
A	20229	C	T
A	13064	C	T
A	18483	T	C
A	8017	A	G
A1a	11083	G	T
A1a	26144	G	T
A1a1	14805	C	T
A1a1a	17247	T	C
A1a1a1	5142	C	T
A1a1a2	1321	A	C
A1a1a3	3034	T	C
A1a1a3	16054	C	T
A1a1a3	17859	T	C
A1a1a3	29751	G	C
A1a1a4	1515	A	G
A1a1a5	7479	A	G
A1a1b	2558	C	T
A1a2	7876	T	A
A3	1397	G	A
A3	11083	G	T
A3	28688	T	C
A3	29742	G	T
A6	514	T	C
A7	9924	C	T
A8	1440	G	A
A8	2891	G	A
A8a	28851	G	T
A8b	4140	A	G
A8c	27661	C	T
A9	1604	ATGA	A
A9	20270	C	T
A10	1218	C	T
A10	27806	G	T
A10	29711	G	T
A2	241	C	T
A2	3037	C	T
A2	23403	A	G
A2a	14408	C	T
A2a1	28881	G	A
A2a1	28882	G	A
A2a1	28883	G	C
A2a1a	27046	C	T
A2a1a1	25958	A	G
A2a1a2	28344	C	A
A2a1a3	23086	C	T
A2a1b	10097	G	A
A2a1b	23731	C	T
A2a1c	19839	T	C
A2a1d	27430	G	A
A2a2	25563	G	T
A2a2a	1059	C	T
A2a3	20268	A	G
A2a3a	10323	A	G
A2a4	2455	C	T
A2a4	10450	C	T
A2a5	26530	A	G
A2a6	24862	A	G
A2a7	25429	G	T
A2a8	15324	C	T
A2a9	187	A	G
A2a10	25350	C	T
A2a11	20275	G	A
A2a12	24077	G	T
A2a13	28836	C	T