type,region,group,slope,r,pval,counts,max_percent
lineage,Africa,A,,0.0,,2,0.3333333333333333
lineage,Africa,A.11,0.0,0.0,1.0,0,0.0
lineage,Africa,A.12,0.0,0.0,1.0,0,0.0
lineage,Africa,A.21,0.0,0.0,1.0,0,0.0
lineage,Africa,A.23.1,0.0,0.0,1.0,0,0.0
lineage,Africa,A.28,0.0,0.0,1.0,0,0.0
lineage,Africa,B,0.0,0.0,1.0,0,0.0
lineage,Africa,B.1,,0.0,,3,0.5
lineage,Africa,B.1.1,0.0,0.0,1.0,0,0.0
lineage,Africa,B.1.1.1,0.0,0.0,1.0,0,0.0
lineage,Africa,B.1.1.111,0.0,0.0,1.0,0,0.0
lineage,Africa,B.1.1.174,0.0,0.0,1.0,0,0.0
lineage,Africa,B.1.1.189,0.0,0.0,1.0,0,0.0
lineage,Africa,B.1.1.198,0.0,0.0,1.0,0,0.0
lineage,Africa,B.1.1.353,0.0,0.0,1.0,0,0.0
lineage,Africa,B.1.1.359,0.0,0.0,1.0,0,0.0
lineage,Africa,B.1.1.404,0.0,0.0,1.0,0,0.0
lineage,Africa,B.1.1.420,0.0,0.0,1.0,0,0.0
lineage,Africa,B.1.1.459,0.0,0.0,1.0,0,0.0
lineage,Africa,B.1.1.485,0.0,0.0,1.0,0,0.0
lineage,Africa,B.1.1.487,,0.0,,1,0.16666666666666666
lineage,Africa,B.1.1.57,0.0,0.0,1.0,0,0.0
lineage,Africa,B.1.1.7,0.0,0.0,1.0,0,0.0
lineage,Africa,B.1.153,0.0,0.0,1.0,0,0.0
lineage,Africa,B.1.160,0.0,0.0,1.0,0,0.0
lineage,Africa,B.1.170,0.0,0.0,1.0,0,0.0
lineage,Africa,B.1.177,0.0,0.0,1.0,0,0.0
lineage,Africa,B.1.177.6,0.0,0.0,1.0,0,0.0
lineage,Africa,B.1.177.7,0.0,0.0,1.0,0,0.0
lineage,Africa,B.1.177.81,0.0,0.0,1.0,0,0.0
lineage,Africa,B.1.2,0.0,0.0,1.0,0,0.0
lineage,Africa,B.1.201,0.0,0.0,1.0,0,0.0
lineage,Africa,B.1.220,0.0,0.0,1.0,0,0.0
lineage,Africa,B.1.243,0.0,0.0,1.0,0,0.0
lineage,Africa,B.1.258.21,0.0,0.0,1.0,0,0.0
lineage,Africa,B.1.351,0.0,0.0,1.0,0,0.0
lineage,Africa,B.1.356,0.0,0.0,1.0,0,0.0
lineage,Africa,B.1.36,0.0,0.0,1.0,0,0.0
lineage,Africa,B.1.361,0.0,0.0,1.0,0,0.0
lineage,Africa,B.1.379,0.0,0.0,1.0,0,0.0
lineage,Africa,B.1.398,0.0,0.0,1.0,0,0.0
lineage,Africa,B.1.428.2,0.0,0.0,1.0,0,0.0
lineage,Africa,B.1.441,0.0,0.0,1.0,0,0.0
lineage,Africa,B.1.466,0.0,0.0,1.0,0,0.0
lineage,Africa,B.1.466.1,0.0,0.0,1.0,0,0.0
lineage,Africa,B.1.482,0.0,0.0,1.0,0,0.0
lineage,Africa,B.1.525,0.0,0.0,1.0,0,0.0
lineage,Africa,B.1.528,0.0,0.0,1.0,0,0.0
lineage,Africa,B.1.535,0.0,0.0,1.0,0,0.0
lineage,Africa,B.1.596,0.0,0.0,1.0,0,0.0
lineage,Africa,B.1.597,0.0,0.0,1.0,0,0.0
lineage,Africa,B.1.9,0.0,0.0,1.0,0,0.0
lineage,Africa,B.40,0.0,0.0,1.0,0,0.0
lineage,Africa,B.6,0.0,0.0,1.0,0,0.0
lineage,Africa,C.17,0.0,0.0,1.0,0,0.0
lineage,Africa,C.36,0.0,0.0,1.0,0,0.0
lineage,Africa,L.3,0.0,0.0,1.0,0,0.0
lineage,Africa,R.1,0.0,0.0,1.0,0,0.0
lineage,Asia,A,-0.05385019569802178,-0.8734252222735803,0.004600603517287691,38,0.4
lineage,Asia,A.2,0.0,0.0,1.0,0,0.0
lineage,Asia,A.3,0.0,0.0,1.0,0,0.0
lineage,Asia,A.5,0.0,0.0,1.0,0,0.0
lineage,Asia,A.6,0.007392607392607393,0.4497791892927559,0.37082667771438155,5,0.07692307692307693
lineage,Asia,AE.2,0.0,0.0,1.0,0,0.0
lineage,Asia,AE.4,0.0,0.0,1.0,0,0.0
lineage,Asia,AE.6,0.0,0.0,1.0,0,0.0
lineage,Asia,AE.7,0.0,0.0,1.0,0,0.0
lineage,Asia,B,-0.042889574193922024,-0.49287808133116695,0.17762228526237667,104,0.6944444444444444
lineage,Asia,B.1,0.006345297214862432,0.1979807935852188,0.6096195709609906,21,0.23333333333333334
lineage,Asia,B.1.1,0.001414141414141414,0.19279040845674958,0.6192128483853194,4,0.05454545454545454
lineage,Asia,B.1.1.1,0.0,0.0,1.0,0,0.0
lineage,Asia,B.1.1.10,0.0,0.0,1.0,0,0.0
lineage,Asia,B.1.1.101,0.0,0.0,1.0,0,0.0
lineage,Asia,B.1.1.175,0.0,0.0,1.0,0,0.0
lineage,Asia,B.1.1.181,0.0,0.0,1.0,0,0.0
lineage,Asia,B.1.1.214,0.0,0.0,1.0,0,0.0
lineage,Asia,B.1.1.216,0.0,0.0,1.0,0,0.0
lineage,Asia,B.1.1.221,0.0,0.0,1.0,0,0.0
lineage,Asia,B.1.1.226,0.0,0.0,1.0,0,0.0
lineage,Asia,B.1.1.241,0.0,0.0,1.0,0,0.0
lineage,Asia,B.1.1.25,0.0,0.0,1.0,0,0.0
lineage,Asia,B.1.1.263,0.0,0.0,1.0,0,0.0
lineage,Asia,B.1.1.27,0.0,0.0,1.0,0,0.0
lineage,Asia,B.1.1.28,0.0,0.0,1.0,0,0.0
lineage,Asia,B.1.1.283,0.0,0.0,1.0,0,0.0
lineage,Asia,B.1.1.284,0.0,0.0,1.0,0,0.0
lineage,Asia,B.1.1.306,0.0,0.0,1.0,0,0.0
lineage,Asia,B.1.1.317,0.0,0.0,1.0,0,0.0
lineage,Asia,B.1.1.326,0.0,0.0,1.0,0,0.0
lineage,Asia,B.1.1.401,0.0,0.0,1.0,0,0.0
lineage,Asia,B.1.1.50,0.0,0.0,1.0,0,0.0
lineage,Asia,B.1.1.59,0.0,0.0,1.0,0,0.0
lineage,Asia,B.1.1.63,0.0,0.0,1.0,0,0.0
lineage,Asia,B.1.1.7,0.0,0.0,1.0,0,0.0
lineage,Asia,B.1.113,0.0,0.0,1.0,0,0.0
lineage,Asia,B.1.143,0.0,0.0,1.0,0,0.0
lineage,Asia,B.1.145,0.0,0.0,1.0,0,0.0
lineage,Asia,B.1.146,0.0,0.0,1.0,0,0.0
lineage,Asia,B.1.159,0.0,0.0,1.0,0,0.0
lineage,Asia,B.1.160,0.0,0.0,1.0,0,0.0
lineage,Asia,B.1.177,0.0,0.0,1.0,0,0.0
lineage,Asia,B.1.184,0.0,0.0,1.0,0,0.0
lineage,Asia,B.1.195,0.0,0.0,1.0,0,0.0
lineage,Asia,B.1.2,0.0,0.0,1.0,0,0.0
lineage,Asia,B.1.210,0.0,0.0,1.0,0,0.0
lineage,Asia,B.1.247,0.0,0.0,1.0,0,0.0
lineage,Asia,B.1.258,0.0,0.0,1.0,0,0.0
lineage,Asia,B.1.260,0.0,0.0,1.0,0,0.0
lineage,Asia,B.1.281,0.0,0.0,1.0,0,0.0
lineage,Asia,B.1.320,0.0,0.0,1.0,0,0.0
lineage,Asia,B.1.36,-0.023809523809523808,-0.613280327129378,0.5796992022637872,2,0.07692307692307693
lineage,Asia,B.1.36.1,0.0,0.0,1.0,0,0.0
lineage,Asia,B.1.36.10,0.0,0.0,1.0,0,0.0
lineage,Asia,B.1.36.16,0.0,0.0,1.0,0,0.0
lineage,Asia,B.1.36.18,0.0,0.0,1.0,0,0.0
lineage,Asia,B.1.36.27,0.0,0.0,1.0,0,0.0
lineage,Asia,B.1.36.29,0.0,0.0,1.0,0,0.0
lineage,Asia,B.1.36.31,0.0,0.0,1.0,0,0.0
lineage,Asia,B.1.36.35,0.0,0.0,1.0,0,0.0
lineage,Asia,B.1.36.8,0.0,0.0,1.0,0,0.0
lineage,Asia,B.1.362,0.0,0.0,1.0,0,0.0
lineage,Asia,B.1.428.1,0.0,0.0,1.0,0,0.0
lineage,Asia,B.1.441,0.0,0.0,1.0,0,0.0
lineage,Asia,B.1.456,-0.07692307692307693,-1.0,0.0,1,0.07692307692307693
lineage,Asia,B.1.465,0.0,0.0,1.0,0,0.0
lineage,Asia,B.1.468,-0.023809523809523808,-0.613280327129378,0.5796992022637872,2,0.07692307692307693
lineage,Asia,B.1.471,0.0,0.0,1.0,0,0.0
lineage,Asia,B.1.497,0.0,0.0,1.0,0,0.0
lineage,Asia,B.1.499,0.0,0.0,1.0,0,0.0
lineage,Asia,B.1.504,0.0,0.0,1.0,0,0.0
lineage,Asia,B.1.523,0.0,0.0,1.0,0,0.0
lineage,Asia,B.1.533,0.0,0.0,1.0,0,0.0
lineage,Asia,B.1.8,0.0,0.0,1.0,0,0.0
lineage,Asia,B.1.9,0.0,0.0,1.0,0,0.0
lineage,Asia,B.1.9.5,0.0,0.0,1.0,0,0.0
lineage,Asia,B.12,,0.0,,11,0.2
lineage,Asia,B.28,-0.0022222222222222222,-0.5477225575051662,0.12687036692367074,1,0.03333333333333333
lineage,Asia,B.3,0.0,0.0,1.0,0,0.0
lineage,Asia,B.35,-0.0044444444444444444,-0.5477225575051662,0.12687036692367074,2,0.06666666666666667
lineage,Asia,B.39,0.0,0.0,1.0,0,0.0
lineage,Asia,B.4,0.003613053613053612,0.2350347158510232,0.6539397399226248,7,0.07272727272727272
lineage,Asia,B.4.1,0.0,0.0,1.0,0,0.0
lineage,Asia,B.4.7,0.0,0.0,1.0,0,0.0
lineage,Asia,B.40,0.0,0.0,1.0,0,0.0
lineage,Asia,B.41,,0.0,,4,0.07272727272727272
lineage,Asia,B.42,0.0016770186335403727,0.13861114250204715,0.7221057914159217,4,0.09523809523809523
lineage,Asia,B.43,0.025791358400054056,0.2496432534884304,0.6854774636535774,32,0.43478260869565216
lineage,Asia,B.53,,0.0,,1,0.01818181818181818
lineage,Asia,B.58,0.0,0.0,1.0,0,0.0
lineage,Asia,B.6,0.0,0.0,1.0,0,0.0
lineage,Asia,B.6.6,0.0,0.0,1.0,0,0.0
lineage,Asia,C.23,0.0,0.0,1.0,0,0.0
lineage,Europe,A,-0.06000000000000001,-0.7745966692414835,0.22540333075851637,1,0.2
lineage,Europe,A.2,0.0013245077525618329,0.5248161695233787,0.14686132797352278,5,0.020833333333333332
lineage,Europe,A.5,,0.0,,2,0.013888888888888888
lineage,Europe,AD.2,0.0,0.0,1.0,0,0.0
lineage,Europe,AN.1,-3.219056816352809e-05,-0.5477225575051661,0.12687036692367104,1,0.0004828585224529213
lineage,Europe,B,0.008663554911744194,0.20578529191462896,0.5952913607211756,26,0.3157894736842105
lineage,Europe,B.1,0.023448280487150593,0.27280186398752393,0.4775746604611746,470,0.6
lineage,Europe,B.1.1,8.785342561296225e-05,0.0038303589193915437,0.992196952288803,231,0.15789473684210525
lineage,Europe,B.1.1.1,-0.0002253339771446966,-0.5477225575051663,0.12687036692367068,7,0.003380009657170449
lineage,Europe,B.1.1.10,-0.00032190568163528087,-0.5477225575051661,0.12687036692367104,10,0.004828585224529213
lineage,Europe,B.1.1.111,-6.438113632705618e-05,-0.5477225575051661,0.12687036692367104,2,0.0009657170449058426
lineage,Europe,B.1.1.142,-3.219056816352809e-05,-0.5477225575051661,0.12687036692367104,1,0.0004828585224529213
lineage,Europe,B.1.1.144,-0.00041847738612586517,-0.547722557505166,0.12687036692367107,13,0.006277160791887977
lineage,Europe,B.1.1.153,-0.00012876227265411235,-0.5477225575051661,0.12687036692367104,4,0.001931434089811685
lineage,Europe,B.1.1.16,0.0,0.0,1.0,0,0.0
lineage,Europe,B.1.1.161,-3.219056816352809e-05,-0.5477225575051661,0.12687036692367104,1,0.0004828585224529213
lineage,Europe,B.1.1.164,-3.219056816352809e-05,-0.5477225575051661,0.12687036692367104,1,0.0004828585224529213
lineage,Europe,B.1.1.185,-3.219056816352809e-05,-0.5477225575051661,0.12687036692367104,1,0.0004828585224529213
lineage,Europe,B.1.1.189,-0.00019314340898116852,-0.5477225575051662,0.12687036692367074,6,0.0028971511347175277
lineage,Europe,B.1.1.198,-3.219056816352809e-05,-0.5477225575051661,0.12687036692367104,1,0.0004828585224529213
lineage,Europe,B.1.1.218,-0.00012876227265411235,-0.5477225575051661,0.12687036692367104,4,0.001931434089811685
lineage,Europe,B.1.1.219,-0.00012876227265411235,-0.5477225575051661,0.12687036692367104,4,0.001931434089811685
lineage,Europe,B.1.1.221,-3.219056816352809e-05,-0.5477225575051661,0.12687036692367104,1,0.0004828585224529213
lineage,Europe,B.1.1.229,0.0,0.0,1.0,0,0.0
lineage,Europe,B.1.1.232,-0.00012876227265411235,-0.5477225575051661,0.12687036692367104,4,0.001931434089811685
lineage,Europe,B.1.1.240,0.0,0.0,1.0,0,0.0
lineage,Europe,B.1.1.241,-0.00019314340898116852,-0.5477225575051662,0.12687036692367074,6,0.0028971511347175277
lineage,Europe,B.1.1.242,-6.438113632705618e-05,-0.5477225575051661,0.12687036692367104,2,0.0009657170449058426
lineage,Europe,B.1.1.243,-6.438113632705618e-05,-0.5477225575051661,0.12687036692367104,2,0.0009657170449058426
lineage,Europe,B.1.1.254,0.0,0.0,1.0,0,0.0
lineage,Europe,B.1.1.257,0.0,0.0,1.0,0,0.0
lineage,Europe,B.1.1.266,-6.438113632705618e-05,-0.5477225575051661,0.12687036692367104,2,0.0009657170449058426
lineage,Europe,B.1.1.269,-0.00038628681796233703,-0.5477225575051662,0.12687036692367074,12,0.005794302269435055
lineage,Europe,B.1.1.274,0.0,0.0,1.0,0,0.0
lineage,Europe,B.1.1.277,-0.0003540962497988089,-0.5477225575051661,0.12687036692367104,11,0.005311443746982134
lineage,Europe,B.1.1.279,0.0,0.0,1.0,0,0.0
lineage,Europe,B.1.1.282,-3.219056816352809e-05,-0.5477225575051661,0.12687036692367104,1,0.0004828585224529213
lineage,Europe,B.1.1.297,-3.219056816352809e-05,-0.5477225575051661,0.12687036692367104,1,0.0004828585224529213
lineage,Europe,B.1.1.298,0.0,0.0,1.0,0,0.0
lineage,Europe,B.1.1.3,0.0,0.0,1.0,0,0.0
lineage,Europe,B.1.1.305,-9.657170449058426e-05,-0.5477225575051662,0.12687036692367074,3,0.0014485755673587638
lineage,Europe,B.1.1.317,0.0,0.0,1.0,0,0.0
lineage,Europe,B.1.1.319,0.0,0.0,1.0,0,0.0
lineage,Europe,B.1.1.323,0.0,0.0,1.0,0,0.0
lineage,Europe,B.1.1.326,-3.219056816352809e-05,-0.5477225575051661,0.12687036692367104,1,0.0004828585224529213
lineage,Europe,B.1.1.33,-6.438113632705618e-05,-0.5477225575051661,0.12687036692367104,2,0.0009657170449058426
lineage,Europe,B.1.1.37,-0.00012876227265411235,-0.5477225575051661,0.12687036692367104,4,0.001931434089811685
lineage,Europe,B.1.1.372,-0.00019314340898116852,-0.5477225575051662,0.12687036692367074,6,0.0028971511347175277
lineage,Europe,B.1.1.39,-0.00489296636085627,-0.5477225575051661,0.12687036692367104,152,0.07339449541284404
lineage,Europe,B.1.1.406,-9.657170449058426e-05,-0.5477225575051662,0.12687036692367074,3,0.0014485755673587638
lineage,Europe,B.1.1.41,0.0,0.0,1.0,0,0.0
lineage,Europe,B.1.1.433,-0.00012876227265411235,-0.5477225575051661,0.12687036692367104,4,0.001931434089811685
lineage,Europe,B.1.1.44,-6.438113632705618e-05,-0.5477225575051661,0.12687036692367104,2,0.0009657170449058426
lineage,Europe,B.1.1.464,-0.00012876227265411235,-0.5477225575051661,0.12687036692367104,4,0.001931434089811685
lineage,Europe,B.1.1.47,-0.0007725736359246741,-0.5477225575051662,0.12687036692367074,24,0.01158860453887011
lineage,Europe,B.1.1.50,-3.219056816352809e-05,-0.5477225575051661,0.12687036692367104,1,0.0004828585224529213
lineage,Europe,B.1.1.521,-0.0002575245453082247,-0.5477225575051661,0.12687036692367104,8,0.00386286817962337
lineage,Europe,B.1.1.58,-0.0002575245453082247,-0.5477225575051661,0.12687036692367104,8,0.00386286817962337
lineage,Europe,B.1.1.7,0.0,0.0,1.0,0,0.0
lineage,Europe,B.1.1.70,-0.0030581039755351687,-0.5477225575051661,0.12687036692367104,95,0.045871559633027525
lineage,Europe,B.1.1.71,-3.219056816352809e-05,-0.5477225575051661,0.12687036692367104,1,0.0004828585224529213
lineage,Europe,B.1.1.74,-3.219056816352809e-05,-0.5477225575051661,0.12687036692367104,1,0.0004828585224529213
lineage,Europe,B.1.105,0.0,0.0,1.0,0,0.0
lineage,Europe,B.1.111,0.0,0.0,1.0,0,0.0
lineage,Europe,B.1.128,-0.00032190568163528087,-0.5477225575051661,0.12687036692367104,10,0.004828585224529213
lineage,Europe,B.1.13,0.0,0.0,1.0,0,0.0
lineage,Europe,B.1.146,-0.0006760019314340898,-0.5477225575051662,0.12687036692367074,21,0.010140028971511348
lineage,Europe,B.1.147,-9.657170449058426e-05,-0.5477225575051662,0.12687036692367074,3,0.0014485755673587638
lineage,Europe,B.1.153,-0.010526315789473684,-0.7071067811865477,0.1816901138162091,1,0.05263157894736842
lineage,Europe,B.1.157,0.0,0.0,1.0,0,0.0
lineage,Europe,B.1.160,-0.005150490906164494,-0.5477225575051661,0.12687036692367104,160,0.0772573635924674
lineage,Europe,B.1.160.11,-9.657170449058426e-05,-0.5477225575051662,0.12687036692367074,3,0.0014485755673587638
lineage,Europe,B.1.160.14,-0.0005794302269435055,-0.547722557505166,0.12687036692367107,18,0.008691453404152583
lineage,Europe,B.1.160.15,-0.0003540962497988089,-0.5477225575051661,0.12687036692367104,11,0.005311443746982134
lineage,Europe,B.1.160.16,-0.0004506679542893932,-0.5477225575051663,0.12687036692367068,14,0.006760019314340898
lineage,Europe,B.1.160.20,-3.219056816352809e-05,-0.5477225575051661,0.12687036692367104,1,0.0004828585224529213
lineage,Europe,B.1.160.22,-9.657170449058426e-05,-0.5477225575051662,0.12687036692367074,3,0.0014485755673587638
lineage,Europe,B.1.160.26,-0.00012876227265411235,-0.5477225575051661,0.12687036692367104,4,0.001931434089811685
lineage,Europe,B.1.160.31,-0.00019314340898116852,-0.5477225575051662,0.12687036692367074,6,0.0028971511347175277
lineage,Europe,B.1.160.32,-6.438113632705618e-05,-0.5477225575051661,0.12687036692367104,2,0.0009657170449058426
lineage,Europe,B.1.177,-0.004249154997585707,-0.5477225575051663,0.12687036692367068,132,0.0637373249637856
lineage,Europe,B.1.177.23,-0.002768388862063415,-0.5477225575051661,0.12687036692367104,86,0.04152583293095123
lineage,Europe,B.1.177.26,0.0,0.0,1.0,0,0.0
lineage,Europe,B.1.177.28,-3.219056816352809e-05,-0.5477225575051661,0.12687036692367104,1,0.0004828585224529213
lineage,Europe,B.1.177.31,-3.219056816352809e-05,-0.5477225575051661,0.12687036692367104,1,0.0004828585224529213
lineage,Europe,B.1.177.33,-6.438113632705618e-05,-0.5477225575051661,0.12687036692367104,2,0.0009657170449058426
lineage,Europe,B.1.177.43,-6.438113632705618e-05,-0.5477225575051661,0.12687036692367104,2,0.0009657170449058426
lineage,Europe,B.1.177.44,-0.003734105906969258,-0.5477225575051662,0.12687036692367074,116,0.05601158860453887
lineage,Europe,B.1.177.50,-3.219056816352809e-05,-0.5477225575051661,0.12687036692367104,1,0.0004828585224529213
lineage,Europe,B.1.177.51,-3.219056816352809e-05,-0.5477225575051661,0.12687036692367104,1,0.0004828585224529213
lineage,Europe,B.1.177.54,0.0,0.0,1.0,0,0.0
lineage,Europe,B.1.177.57,0.0,0.0,1.0,0,0.0
lineage,Europe,B.1.177.60,-9.657170449058426e-05,-0.5477225575051662,0.12687036692367074,3,0.0014485755673587638
lineage,Europe,B.1.177.8,0.0,0.0,1.0,0,0.0
lineage,Europe,B.1.177.86,-3.219056816352809e-05,-0.5477225575051661,0.12687036692367104,1,0.0004828585224529213
lineage,Europe,B.1.178,,0.0,,1,0.006944444444444444
lineage,Europe,B.1.180,-3.219056816352809e-05,-0.5477225575051661,0.12687036692367104,1,0.0004828585224529213
lineage,Europe,B.1.187,0.0,0.0,1.0,0,0.0
lineage,Europe,B.1.190,0.0,0.0,1.0,0,0.0
lineage,Europe,B.1.195,0.0,0.0,1.0,0,0.0
lineage,Europe,B.1.2,0.0,0.0,1.0,0,0.0
lineage,Europe,B.1.201,0.0,0.0,1.0,0,0.0
lineage,Europe,B.1.211,,0.0,,1,0.006944444444444444
lineage,Europe,B.1.213,0.0,0.0,1.0,0,0.0
lineage,Europe,B.1.218,-0.00016095284081764043,-0.5477225575051661,0.12687036692367104,5,0.0024142926122646064
lineage,Europe,B.1.219,0.0,0.0,1.0,0,0.0
lineage,Europe,B.1.22,-0.0007081924995976178,-0.5477225575051661,0.12687036692367104,22,0.010622887493964268
lineage,Europe,B.1.220,0.0008937353577623979,0.5306697107163445,0.1415887705216462,3,0.013888888888888888
lineage,Europe,B.1.221,-0.0004828585224529213,-0.5477225575051661,0.12687036692367104,15,0.007242877836793819
lineage,Europe,B.1.223,-6.438113632705618e-05,-0.5477225575051661,0.12687036692367104,2,0.0009657170449058426
lineage,Europe,B.1.225,0.0,0.0,1.0,0,0.0
lineage,Europe,B.1.236,-0.0013520038628681795,-0.5477225575051662,0.12687036692367074,42,0.020280057943022695
lineage,Europe,B.1.240,0.0,0.0,1.0,0,0.0
lineage,Europe,B.1.258,-0.0009979076130693708,-0.5477225575051662,0.12687036692367074,31,0.01496861419604056
lineage,Europe,B.1.258.17,0.0,0.0,1.0,0,0.0
lineage,Europe,B.1.258.7,-3.219056816352809e-05,-0.5477225575051661,0.12687036692367104,1,0.0004828585224529213
lineage,Europe,B.1.258.9,-3.219056816352809e-05,-0.5477225575051661,0.12687036692367104,1,0.0004828585224529213
lineage,Europe,B.1.281,,0.0,,1,0.006944444444444444
lineage,Europe,B.1.310,-0.0004506679542893932,-0.5477225575051663,0.12687036692367068,14,0.006760019314340898
lineage,Europe,B.1.350,-3.219056816352809e-05,-0.5477225575051661,0.12687036692367104,1,0.0004828585224529213
lineage,Europe,B.1.351,0.0,0.0,1.0,0,0.0
lineage,Europe,B.1.356,0.0008293542214353418,0.4943671781959486,0.17611310548684384,5,0.013888888888888888
lineage,Europe,B.1.36,-3.219056816352809e-05,-0.5477225575051661,0.12687036692367104,1,0.0004828585224529213
lineage,Europe,B.1.36.2,0.0,0.0,1.0,0,0.0
lineage,Europe,B.1.36.9,0.0,0.0,1.0,0,0.0
lineage,Europe,B.1.367,-0.001899243521648157,-0.5477225575051662,0.12687036692367074,59,0.028488652824722356
lineage,Europe,B.1.383,,0.0,,2,0.013888888888888888
lineage,Europe,B.1.389,-0.0002575245453082247,-0.5477225575051661,0.12687036692367104,8,0.00386286817962337
lineage,Europe,B.1.391,0.0,0.0,1.0,0,0.0
lineage,Europe,B.1.398,-3.219056816352809e-05,-0.5477225575051661,0.12687036692367104,1,0.0004828585224529213
lineage,Europe,B.1.406,-3.219056816352809e-05,-0.5477225575051661,0.12687036692367104,1,0.0004828585224529213
lineage,Europe,B.1.416,-3.219056816352809e-05,-0.5477225575051661,0.12687036692367104,1,0.0004828585224529213
lineage,Europe,B.1.416.1,-0.0016095284081764046,-0.5477225575051661,0.12687036692367104,50,0.024142926122646065
lineage,Europe,B.1.465,0.0,0.0,1.0,0,0.0
lineage,Europe,B.1.467,-9.657170449058426e-05,-0.5477225575051662,0.12687036692367074,3,0.0014485755673587638
lineage,Europe,B.1.474,-6.438113632705618e-05,-0.5477225575051661,0.12687036692367104,2,0.0009657170449058426
lineage,Europe,B.1.527,-3.219056816352809e-05,-0.5477225575051661,0.12687036692367104,1,0.0004828585224529213
lineage,Europe,B.1.557,0.0,0.0,1.0,0,0.0
lineage,Europe,B.1.609,0.0,0.0,1.0,0,0.0
lineage,Europe,B.1.610,-6.438113632705618e-05,-0.5477225575051661,0.12687036692367104,2,0.0009657170449058426
lineage,Europe,B.1.78,0.0,0.0,1.0,0,0.0
lineage,Europe,B.1.8,-0.000740383067761146,-0.547722557505166,0.12687036692367107,23,0.01110574601641719
lineage,Europe,B.1.9,-3.219056816352809e-05,-0.5477225575051661,0.12687036692367104,1,0.0004828585224529213
lineage,Europe,B.1.9.4,-9.657170449058426e-05,-0.5477225575051662,0.12687036692367074,3,0.0014485755673587638
lineage,Europe,B.1.9.5,-0.00012876227265411235,-0.5477225575051661,0.12687036692367104,4,0.001931434089811685
lineage,Europe,B.1.91,0.008140189924352165,0.5364397993768444,0.13650175225598388,24,0.125
lineage,Europe,B.1.93,-0.0004828585224529213,-0.5477225575051661,0.12687036692367104,15,0.007242877836793819
lineage,Europe,B.1.94,-3.219056816352809e-05,-0.5477225575051661,0.12687036692367104,1,0.0004828585224529213
lineage,Europe,B.1.96,-0.00038628681796233703,-0.5477225575051662,0.12687036692367074,12,0.005794302269435055
lineage,Europe,B.11,0.0016908990110342116,0.5037000951071466,0.16682135992608188,9,0.027777777777777776
lineage,Europe,B.28,0.0,0.0,1.0,0,0.0
lineage,Europe,B.29,0.0,0.0,1.0,0,0.0
lineage,Europe,B.3,0.004211152243503765,0.42825846862574257,0.2501406870177312,24,0.06944444444444445
lineage,Europe,B.31,0.0,0.0,1.0,0,0.0
lineage,Europe,B.35,,0.0,,1,0.006944444444444444
lineage,Europe,B.38,0.0,0.0,1.0,0,0.0
lineage,Europe,B.39,0.0,0.0,1.0,0,0.0
lineage,Europe,B.4,0.0,0.0,1.0,0,0.0
lineage,Europe,B.40,0.0031441690362501566,0.533152931754116,0.13938609750862485,10,0.04861111111111111
lineage,Europe,B.55,0.0020894808376701185,0.4981198236768394,0.1723423796796364,12,0.034722222222222224
lineage,Europe,B.58,-9.657170449058426e-05,-0.5477225575051662,0.12687036692367074,3,0.0014485755673587638
lineage,Europe,B.59,0.0,0.0,1.0,0,0.0
lineage,Europe,B.6,0.0004307723947994349,0.5128664658454081,0.1579758532899428,2,0.006944444444444444
lineage,Europe,C.11,0.0,0.0,1.0,0,0.0
lineage,Europe,C.30,-3.219056816352809e-05,-0.5477225575051661,0.12687036692367104,1,0.0004828585224529213
lineage,Europe,C.35,-0.0017704812489940445,-0.5477225575051659,0.1268703669236712,55,0.02655721873491067
lineage,Europe,C.36,0.0,0.0,1.0,0,0.0
lineage,Europe,C.4,0.0,0.0,1.0,0,0.0
lineage,Europe,C.5,-0.0002253339771446966,-0.5477225575051663,0.12687036692367068,7,0.003380009657170449
lineage,Europe,L.2,0.0,0.0,1.0,0,0.0
lineage,Europe,P.1,0.0,0.0,1.0,0,0.0
lineage,North America,A,-0.1521486643437863,-0.7354561625360984,0.059593936056346664,20,1.0
lineage,North America,A.1,-0.0205721559380096,-0.2188916580515633,0.5715006603376507,119,0.7575757575757576
lineage,North America,A.19,0.0,0.0,1.0,0,0.0
lineage,North America,A.2,0.0,0.0,1.0,0,0.0
lineage,North America,A.2.2,0.0,0.0,1.0,0,0.0
lineage,North America,A.2.5,0.0,0.0,1.0,0,0.0
lineage,North America,A.2.5.2,0.0,0.0,1.0,0,0.0
lineage,North America,A.21,0.0,0.0,1.0,0,0.0
lineage,North America,A.23.1,0.0,0.0,1.0,0,0.0
lineage,North America,A.28,0.0,0.0,1.0,0,0.0
lineage,North America,A.3,,0.0,,4,0.013937282229965157
lineage,North America,A.4,0.0,0.0,1.0,0,0.0
lineage,North America,A.5,0.0,0.0,1.0,0,0.0
lineage,North America,AE.8,0.0,0.0,1.0,0,0.0
lineage,North America,B,-0.008998396106410044,-0.04695184758916018,0.9296239807266558,44,0.8333333333333334
lineage,North America,B.1,0.013219301024179075,0.3718053294920572,0.3244830576698496,86,0.289198606271777
lineage,North America,B.1.1,0.0003026783514588391,0.05753115445232872,0.8831212778468129,11,0.03484320557491289
lineage,North America,B.1.1.1,0.0,0.0,1.0,0,0.0
lineage,North America,B.1.1.10,0.0,0.0,1.0,0,0.0
lineage,North America,B.1.1.101,0.0,0.0,1.0,0,0.0
lineage,North America,B.1.1.113,0.0,0.0,1.0,0,0.0
lineage,North America,B.1.1.116,0.0,0.0,1.0,0,0.0
lineage,North America,B.1.1.117,0.0,0.0,1.0,0,0.0
lineage,North America,B.1.1.118,0.0,0.0,1.0,0,0.0
lineage,North America,B.1.1.121,0.0,0.0,1.0,0,0.0
lineage,North America,B.1.1.128,0.0,0.0,1.0,0,0.0
lineage,North America,B.1.1.132,0.0,0.0,1.0,0,0.0
lineage,North America,B.1.1.135,0.0,0.0,1.0,0,0.0
lineage,North America,B.1.1.139,0.0,0.0,1.0,0,0.0
lineage,North America,B.1.1.142,0.0,0.0,1.0,0,0.0
lineage,North America,B.1.1.148,0.0,0.0,1.0,0,0.0
lineage,North America,B.1.1.158,0.0,0.0,1.0,0,0.0
lineage,North America,B.1.1.159,0.0,0.0,1.0,0,0.0
lineage,North America,B.1.1.168,0.0,0.0,1.0,0,0.0
lineage,North America,B.1.1.169,0.0,0.0,1.0,0,0.0
lineage,North America,B.1.1.172,0.0,0.0,1.0,0,0.0
lineage,North America,B.1.1.174,0.0,0.0,1.0,0,0.0
lineage,North America,B.1.1.177,0.0,0.0,1.0,0,0.0
lineage,North America,B.1.1.180,0.0,0.0,1.0,0,0.0
lineage,North America,B.1.1.186,0.0,0.0,1.0,0,0.0
lineage,North America,B.1.1.189,0.0,0.0,1.0,0,0.0
lineage,North America,B.1.1.192,0.0,0.0,1.0,0,0.0
lineage,North America,B.1.1.205,0.0,0.0,1.0,0,0.0
lineage,North America,B.1.1.207,0.0,0.0,1.0,0,0.0
lineage,North America,B.1.1.210,0.0,0.0,1.0,0,0.0
lineage,North America,B.1.1.216,0.0,0.0,1.0,0,0.0
lineage,North America,B.1.1.222,0.0,0.0,1.0,0,0.0
lineage,North America,B.1.1.225,0.0,0.0,1.0,0,0.0
lineage,North America,B.1.1.226,0.0,0.0,1.0,0,0.0
lineage,North America,B.1.1.228,0.0,0.0,1.0,0,0.0
lineage,North America,B.1.1.230,0.0,0.0,1.0,0,0.0
lineage,North America,B.1.1.231,0.0,0.0,1.0,0,0.0
lineage,North America,B.1.1.239,0.0,0.0,1.0,0,0.0
lineage,North America,B.1.1.241,0.0,0.0,1.0,0,0.0
lineage,North America,B.1.1.244,0.0,0.0,1.0,0,0.0
lineage,North America,B.1.1.25,0.0,0.0,1.0,0,0.0
lineage,North America,B.1.1.251,0.0,0.0,1.0,0,0.0
lineage,North America,B.1.1.258,0.0,0.0,1.0,0,0.0
lineage,North America,B.1.1.26,0.0,0.0,1.0,0,0.0
lineage,North America,B.1.1.263,0.0,0.0,1.0,0,0.0
lineage,North America,B.1.1.265,0.0,0.0,1.0,0,0.0
lineage,North America,B.1.1.268,0.0,0.0,1.0,0,0.0
lineage,North America,B.1.1.274,0.0,0.0,1.0,0,0.0
lineage,North America,B.1.1.277,0.0,0.0,1.0,0,0.0
lineage,North America,B.1.1.28,0.0,0.0,1.0,0,0.0
lineage,North America,B.1.1.285,0.0,0.0,1.0,0,0.0
lineage,North America,B.1.1.290,0.0,0.0,1.0,0,0.0
lineage,North America,B.1.1.291,0.0,0.0,1.0,0,0.0
lineage,North America,B.1.1.294,0.0,0.0,1.0,0,0.0
lineage,North America,B.1.1.304,0.0,0.0,1.0,0,0.0
lineage,North America,B.1.1.305,0.0,0.0,1.0,0,0.0
lineage,North America,B.1.1.306,0.0,0.0,1.0,0,0.0
lineage,North America,B.1.1.312,0.0,0.0,1.0,0,0.0
lineage,North America,B.1.1.316,0.0,0.0,1.0,0,0.0
lineage,North America,B.1.1.317,0.0,0.0,1.0,0,0.0
lineage,North America,B.1.1.320,0.0,0.0,1.0,0,0.0
lineage,North America,B.1.1.322,0.0,0.0,1.0,0,0.0
lineage,North America,B.1.1.328,0.0,0.0,1.0,0,0.0
lineage,North America,B.1.1.329,0.0,0.0,1.0,0,0.0
lineage,North America,B.1.1.33,,0.0,,1,0.003484320557491289
lineage,North America,B.1.1.334,0.0,0.0,1.0,0,0.0
lineage,North America,B.1.1.335,0.0,0.0,1.0,0,0.0
lineage,North America,B.1.1.337,0.0,0.0,1.0,0,0.0
lineage,North America,B.1.1.342,0.0,0.0,1.0,0,0.0
lineage,North America,B.1.1.344,0.0,0.0,1.0,0,0.0
lineage,North America,B.1.1.345,0.0,0.0,1.0,0,0.0
lineage,North America,B.1.1.348,0.0,0.0,1.0,0,0.0
lineage,North America,B.1.1.351,0.0,0.0,1.0,0,0.0
lineage,North America,B.1.1.352,0.0,0.0,1.0,0,0.0
lineage,North America,B.1.1.356,0.0,0.0,1.0,0,0.0
lineage,North America,B.1.1.362,0.0,0.0,1.0,0,0.0
lineage,North America,B.1.1.367,0.0,0.0,1.0,0,0.0
lineage,North America,B.1.1.368,0.0,0.0,1.0,0,0.0
lineage,North America,B.1.1.369,0.0,0.0,1.0,0,0.0
lineage,North America,B.1.1.370,0.0,0.0,1.0,0,0.0
lineage,North America,B.1.1.376,0.0,0.0,1.0,0,0.0
lineage,North America,B.1.1.380,0.0,0.0,1.0,0,0.0
lineage,North America,B.1.1.381,0.0,0.0,1.0,0,0.0
lineage,North America,B.1.1.389,0.0,0.0,1.0,0,0.0
lineage,North America,B.1.1.39,0.0,0.0,1.0,0,0.0
lineage,North America,B.1.1.391,0.0,0.0,1.0,0,0.0
lineage,North America,B.1.1.392,0.0,0.0,1.0,0,0.0
lineage,North America,B.1.1.393,0.0,0.0,1.0,0,0.0
lineage,North America,B.1.1.398,0.0,0.0,1.0,0,0.0
lineage,North America,B.1.1.402,0.0,0.0,1.0,0,0.0
lineage,North America,B.1.1.403,0.0,0.0,1.0,0,0.0
lineage,North America,B.1.1.411,0.0,0.0,1.0,0,0.0
lineage,North America,B.1.1.416,0.0,0.0,1.0,0,0.0
lineage,North America,B.1.1.418,0.0,0.0,1.0,0,0.0
lineage,North America,B.1.1.420,0.0,0.0,1.0,0,0.0
lineage,North America,B.1.1.423,0.0,0.0,1.0,0,0.0
lineage,North America,B.1.1.426,0.0,0.0,1.0,0,0.0
lineage,North America,B.1.1.428,0.0,0.0,1.0,0,0.0
lineage,North America,B.1.1.432,0.0,0.0,1.0,0,0.0
lineage,North America,B.1.1.434,0.0,0.0,1.0,0,0.0
lineage,North America,B.1.1.437,0.0,0.0,1.0,0,0.0
lineage,North America,B.1.1.440,0.0,0.0,1.0,0,0.0
lineage,North America,B.1.1.441,0.0,0.0,1.0,0,0.0
lineage,North America,B.1.1.447,0.0,0.0,1.0,0,0.0
lineage,North America,B.1.1.450,0.0,0.0,1.0,0,0.0
lineage,North America,B.1.1.453,0.0,0.0,1.0,0,0.0
lineage,North America,B.1.1.46,0.0,0.0,1.0,0,0.0
lineage,North America,B.1.1.461,0.0,0.0,1.0,0,0.0
lineage,North America,B.1.1.463,0.0,0.0,1.0,0,0.0
lineage,North America,B.1.1.464,0.0,0.0,1.0,0,0.0
lineage,North America,B.1.1.467,0.0,0.0,1.0,0,0.0
lineage,North America,B.1.1.482,0.0,0.0,1.0,0,0.0
lineage,North America,B.1.1.485,0.0,0.0,1.0,0,0.0
lineage,North America,B.1.1.486,0.0,0.0,1.0,0,0.0
lineage,North America,B.1.1.50,0.0,0.0,1.0,0,0.0
lineage,North America,B.1.1.512,0.0,0.0,1.0,0,0.0
lineage,North America,B.1.1.513,0.0,0.0,1.0,0,0.0
lineage,North America,B.1.1.514,0.0,0.0,1.0,0,0.0
lineage,North America,B.1.1.517,0.0,0.0,1.0,0,0.0
lineage,North America,B.1.1.518,0.0,0.0,1.0,0,0.0
lineage,North America,B.1.1.519,0.0,0.0,1.0,0,0.0
lineage,North America,B.1.1.57,0.0,0.0,1.0,0,0.0
lineage,North America,B.1.1.61,,0.0,,2,0.006968641114982578
lineage,North America,B.1.1.63,0.0,0.0,1.0,0,0.0
lineage,North America,B.1.1.67,0.0,0.0,1.0,0,0.0
lineage,North America,B.1.1.7,0.0,0.0,1.0,0,0.0
lineage,North America,B.1.1.71,,0.0,,2,0.006968641114982578
lineage,North America,B.1.1.77,0.0,0.0,1.0,0,0.0
lineage,North America,B.1.1.8,0.0,0.0,1.0,0,0.0
lineage,North America,B.1.1.98,0.0,0.0,1.0,0,0.0
lineage,North America,B.1.103,0.0,0.0,1.0,0,0.0
lineage,North America,B.1.104,,0.0,,1,0.003484320557491289
lineage,North America,B.1.106,0.0,0.0,1.0,0,0.0
lineage,North America,B.1.108,0.0,0.0,1.0,0,0.0
lineage,North America,B.1.110,0.0,0.0,1.0,0,0.0
lineage,North America,B.1.110.1,0.0,0.0,1.0,0,0.0
lineage,North America,B.1.110.3,0.0,0.0,1.0,0,0.0
lineage,North America,B.1.111,0.0,0.0,1.0,0,0.0
lineage,North America,B.1.112,0.0,0.0,1.0,0,0.0
lineage,North America,B.1.116,0.0,0.0,1.0,0,0.0
lineage,North America,B.1.119,0.0,0.0,1.0,0,0.0
lineage,North America,B.1.12,0.0,0.0,1.0,0,0.0
lineage,North America,B.1.124,0.0,0.0,1.0,0,0.0
lineage,North America,B.1.126,0.0,0.0,1.0,0,0.0
lineage,North America,B.1.128,0.0,0.0,1.0,0,0.0
lineage,North America,B.1.134,0.0,0.0,1.0,0,0.0
lineage,North America,B.1.139,0.0,0.0,1.0,0,0.0
lineage,North America,B.1.14,0.0,0.0,1.0,0,0.0
lineage,North America,B.1.147,0.0,0.0,1.0,0,0.0
lineage,North America,B.1.151,0.0,0.0,1.0,0,0.0
lineage,North America,B.1.157,0.0,0.0,1.0,0,0.0
lineage,North America,B.1.160,0.0,0.0,1.0,0,0.0
lineage,North America,B.1.162,0.0,0.0,1.0,0,0.0
lineage,North America,B.1.163,0.0,0.0,1.0,0,0.0
lineage,North America,B.1.166,0.0,0.0,1.0,0,0.0
lineage,North America,B.1.169,0.0,0.0,1.0,0,0.0
lineage,North America,B.1.170,0.0,0.0,1.0,0,0.0
lineage,North America,B.1.177,0.0,0.0,1.0,0,0.0
lineage,North America,B.1.177.18,0.0,0.0,1.0,0,0.0
lineage,North America,B.1.177.44,0.0,0.0,1.0,0,0.0
lineage,North America,B.1.177.46,0.0,0.0,1.0,0,0.0
lineage,North America,B.1.177.53,0.0,0.0,1.0,0,0.0
lineage,North America,B.1.177.7,0.0,0.0,1.0,0,0.0
lineage,North America,B.1.181,0.0,0.0,1.0,0,0.0
lineage,North America,B.1.182,0.0,0.0,1.0,0,0.0
lineage,North America,B.1.188,0.0,0.0,1.0,0,0.0
lineage,North America,B.1.189,0.0,0.0,1.0,0,0.0
lineage,North America,B.1.192,0.0,0.0,1.0,0,0.0
lineage,North America,B.1.194,0.0,0.0,1.0,0,0.0
lineage,North America,B.1.199,0.0,0.0,1.0,0,0.0
lineage,North America,B.1.2,0.0,0.0,1.0,0,0.0
lineage,North America,B.1.201,0.0,0.0,1.0,0,0.0
lineage,North America,B.1.206,0.0,0.0,1.0,0,0.0
lineage,North America,B.1.214.2,0.0,0.0,1.0,0,0.0
lineage,North America,B.1.215,,0.0,,2,0.006968641114982578
lineage,North America,B.1.22,0.0,0.0,1.0,0,0.0
lineage,North America,B.1.221,0.0,0.0,1.0,0,0.0
lineage,North America,B.1.232,0.0,0.0,1.0,0,0.0
lineage,North America,B.1.233,0.0,0.0,1.0,0,0.0
lineage,North America,B.1.234,0.0,0.0,1.0,0,0.0
lineage,North America,B.1.235,0.0,0.0,1.0,0,0.0
lineage,North America,B.1.239,0.0,0.0,1.0,0,0.0
lineage,North America,B.1.240,0.0,0.0,1.0,0,0.0
lineage,North America,B.1.241,0.0,0.0,1.0,0,0.0
lineage,North America,B.1.243,0.0,0.0,1.0,0,0.0
lineage,North America,B.1.243.1,0.0,0.0,1.0,0,0.0
lineage,North America,B.1.258,0.0,0.0,1.0,0,0.0
lineage,North America,B.1.258.17,0.0,0.0,1.0,0,0.0
lineage,North America,B.1.258.23,0.0,0.0,1.0,0,0.0
lineage,North America,B.1.264,0.0,0.0,1.0,0,0.0
lineage,North America,B.1.265,0.0,0.0,1.0,0,0.0
lineage,North America,B.1.267,0.0,0.0,1.0,0,0.0
lineage,North America,B.1.268,0.0,0.0,1.0,0,0.0
lineage,North America,B.1.274,0.0,0.0,1.0,0,0.0
lineage,North America,B.1.276,0.0,0.0,1.0,0,0.0
lineage,North America,B.1.279,0.0,0.0,1.0,0,0.0
lineage,North America,B.1.280,0.0,0.0,1.0,0,0.0
lineage,North America,B.1.284,0.0,0.0,1.0,0,0.0
lineage,North America,B.1.287,0.0,0.0,1.0,0,0.0
lineage,North America,B.1.293,0.0,0.0,1.0,0,0.0
lineage,North America,B.1.294,0.0,0.0,1.0,0,0.0
lineage,North America,B.1.298,0.0,0.0,1.0,0,0.0
lineage,North America,B.1.3,0.0,0.0,1.0,0,0.0
lineage,North America,B.1.301,0.0,0.0,1.0,0,0.0
lineage,North America,B.1.302,0.0,0.0,1.0,0,0.0
lineage,North America,B.1.304,0.0,0.0,1.0,0,0.0
lineage,North America,B.1.305,0.0,0.0,1.0,0,0.0
lineage,North America,B.1.306,0.0,0.0,1.0,0,0.0
lineage,North America,B.1.309,0.0,0.0,1.0,0,0.0
lineage,North America,B.1.311,0.0,0.0,1.0,0,0.0
lineage,North America,B.1.313,0.0,0.0,1.0,0,0.0
lineage,North America,B.1.314,0.0,0.0,1.0,0,0.0
lineage,North America,B.1.315,0.0,0.0,1.0,0,0.0
lineage,North America,B.1.318,0.0,0.0,1.0,0,0.0
lineage,North America,B.1.319,0.0,0.0,1.0,0,0.0
lineage,North America,B.1.320,0.0,0.0,1.0,0,0.0
lineage,North America,B.1.323,0.0,0.0,1.0,0,0.0
lineage,North America,B.1.324,0.0,0.0,1.0,0,0.0
lineage,North America,B.1.325,0.0,0.0,1.0,0,0.0
lineage,North America,B.1.328,0.0,0.0,1.0,0,0.0
lineage,North America,B.1.330,0.0,0.0,1.0,0,0.0
lineage,North America,B.1.332,,0.0,,3,0.010452961672473868
lineage,North America,B.1.333,0.0,0.0,1.0,0,0.0
lineage,North America,B.1.334,0.0,0.0,1.0,0,0.0
lineage,North America,B.1.335,0.0,0.0,1.0,0,0.0
lineage,North America,B.1.336,0.0,0.0,1.0,0,0.0
lineage,North America,B.1.337,0.0,0.0,1.0,0,0.0
lineage,North America,B.1.338,0.0,0.0,1.0,0,0.0
lineage,North America,B.1.340,0.0,0.0,1.0,0,0.0
lineage,North America,B.1.341,0.0,0.0,1.0,0,0.0
lineage,North America,B.1.343,0.0,0.0,1.0,0,0.0
lineage,North America,B.1.346,0.0,0.0,1.0,0,0.0
lineage,North America,B.1.348,0.0,0.0,1.0,0,0.0
lineage,North America,B.1.349,0.0,0.0,1.0,0,0.0
lineage,North America,B.1.350,0.0,0.0,1.0,0,0.0
lineage,North America,B.1.351,0.0,0.0,1.0,0,0.0
lineage,North America,B.1.355,0.0,0.0,1.0,0,0.0
lineage,North America,B.1.356,,0.0,,1,0.003484320557491289
lineage,North America,B.1.357,0.0,0.0,1.0,0,0.0
lineage,North America,B.1.359,0.0,0.0,1.0,0,0.0
lineage,North America,B.1.36,0.0,0.0,1.0,0,0.0
lineage,North America,B.1.36.1,0.0,0.0,1.0,0,0.0
lineage,North America,B.1.36.16,0.0,0.0,1.0,0,0.0
lineage,North America,B.1.36.26,0.0,0.0,1.0,0,0.0
lineage,North America,B.1.36.31,0.0,0.0,1.0,0,0.0
lineage,North America,B.1.36.36,0.0,0.0,1.0,0,0.0
lineage,North America,B.1.36.38,0.0,0.0,1.0,0,0.0
lineage,North America,B.1.36.7,0.0,0.0,1.0,0,0.0
lineage,North America,B.1.36.8,0.0,0.0,1.0,0,0.0
lineage,North America,B.1.360,0.0,0.0,1.0,0,0.0
lineage,North America,B.1.361,0.0,0.0,1.0,0,0.0
lineage,North America,B.1.362,0.0,0.0,1.0,0,0.0
lineage,North America,B.1.363,0.0,0.0,1.0,0,0.0
lineage,North America,B.1.366,0.0,0.0,1.0,0,0.0
lineage,North America,B.1.369,,0.0,,6,0.020905923344947737
lineage,North America,B.1.37,,0.0,,34,0.11846689895470383
lineage,North America,B.1.370,0.0,0.0,1.0,0,0.0
lineage,North America,B.1.371,-0.003808116003237954,-0.5191139401677378,0.15210621451318032,3,0.06060606060606061
lineage,North America,B.1.375,-0.00202020202020202,-0.5477225575051662,0.12687036692367074,1,0.030303030303030304
lineage,North America,B.1.377,0.0,0.0,1.0,0,0.0
lineage,North America,B.1.378,0.0,0.0,1.0,0,0.0
lineage,North America,B.1.38,0.0,0.0,1.0,0,0.0
lineage,North America,B.1.382,0.0,0.0,1.0,0,0.0
lineage,North America,B.1.383,0.0,0.0,1.0,0,0.0
lineage,North America,B.1.384,0.0,0.0,1.0,0,0.0
lineage,North America,B.1.385,0.0,0.0,1.0,0,0.0
lineage,North America,B.1.390,0.0,0.0,1.0,0,0.0
lineage,North America,B.1.391,0.0,0.0,1.0,0,0.0
lineage,North America,B.1.396,0.0,0.0,1.0,0,0.0
lineage,North America,B.1.397,0.0,0.0,1.0,0,0.0
lineage,North America,B.1.399,0.0,0.0,1.0,0,0.0
lineage,North America,B.1.400,0.0,0.0,1.0,0,0.0
lineage,North America,B.1.401,0.0,0.0,1.0,0,0.0
lineage,North America,B.1.402,0.0,0.0,1.0,0,0.0
lineage,North America,B.1.403,0.0,0.0,1.0,0,0.0
lineage,North America,B.1.404,0.0,0.0,1.0,0,0.0
lineage,North America,B.1.405,0.0,0.0,1.0,0,0.0
lineage,North America,B.1.409,0.0,0.0,1.0,0,0.0
lineage,North America,B.1.413,0.0,0.0,1.0,0,0.0
lineage,North America,B.1.415,0.0,0.0,1.0,0,0.0
lineage,North America,B.1.416,0.0,0.0,1.0,0,0.0
lineage,North America,B.1.420,0.0,0.0,1.0,0,0.0
lineage,North America,B.1.421,0.0,0.0,1.0,0,0.0
lineage,North America,B.1.423,0.0,0.0,1.0,0,0.0
lineage,North America,B.1.424,0.0,0.0,1.0,0,0.0
lineage,North America,B.1.425,0.0,0.0,1.0,0,0.0
lineage,North America,B.1.426,0.0,0.0,1.0,0,0.0
lineage,North America,B.1.427,0.0,0.0,1.0,0,0.0
lineage,North America,B.1.428,0.0,0.0,1.0,0,0.0
lineage,North America,B.1.429,0.0,0.0,1.0,0,0.0
lineage,North America,B.1.429.1,0.0,0.0,1.0,0,0.0
lineage,North America,B.1.432,0.0,0.0,1.0,0,0.0
lineage,North America,B.1.433,0.0,0.0,1.0,0,0.0
lineage,North America,B.1.434,0.0,0.0,1.0,0,0.0
lineage,North America,B.1.435,0.0,0.0,1.0,0,0.0
lineage,North America,B.1.436,0.0,0.0,1.0,0,0.0
lineage,North America,B.1.437,0.0,0.0,1.0,0,0.0
lineage,North America,B.1.438.3,0.0,0.0,1.0,0,0.0
lineage,North America,B.1.438.4,0.0,0.0,1.0,0,0.0
lineage,North America,B.1.439,,0.0,,4,0.013937282229965157
lineage,North America,B.1.441,0.0,0.0,1.0,0,0.0
lineage,North America,B.1.442,,0.0,,4,0.013937282229965157
lineage,North America,B.1.443,0.0,0.0,1.0,0,0.0
lineage,North America,B.1.444,0.0,0.0,1.0,0,0.0
lineage,North America,B.1.445,0.0,0.0,1.0,0,0.0
lineage,North America,B.1.446,0.0,0.0,1.0,0,0.0
lineage,North America,B.1.448,0.0,0.0,1.0,0,0.0
lineage,North America,B.1.450,0.0,0.0,1.0,0,0.0
lineage,North America,B.1.451,0.0,0.0,1.0,0,0.0
lineage,North America,B.1.452,0.0,0.0,1.0,0,0.0
lineage,North America,B.1.453,,0.0,,1,0.003484320557491289
lineage,North America,B.1.466.1,0.0,0.0,1.0,0,0.0
lineage,North America,B.1.471,0.0,0.0,1.0,0,0.0
lineage,North America,B.1.473,0.0,0.0,1.0,0,0.0
lineage,North America,B.1.478,0.0,0.0,1.0,0,0.0
lineage,North America,B.1.479,0.0,0.0,1.0,0,0.0
lineage,North America,B.1.483,0.0,0.0,1.0,0,0.0
lineage,North America,B.1.485,0.0,0.0,1.0,0,0.0
lineage,North America,B.1.487,0.0,0.0,1.0,0,0.0
lineage,North America,B.1.492,0.0,0.0,1.0,0,0.0
lineage,North America,B.1.493,0.0,0.0,1.0,0,0.0
lineage,North America,B.1.494,0.0,0.0,1.0,0,0.0
lineage,North America,B.1.495,0.0,0.0,1.0,0,0.0
lineage,North America,B.1.496,0.0,0.0,1.0,0,0.0
lineage,North America,B.1.498,0.0,0.0,1.0,0,0.0
lineage,North America,B.1.499,0.0,0.0,1.0,0,0.0
lineage,North America,B.1.499.1,0.0,0.0,1.0,0,0.0
lineage,North America,B.1.500,0.0,0.0,1.0,0,0.0
lineage,North America,B.1.501,0.0,0.0,1.0,0,0.0
lineage,North America,B.1.502,0.0,0.0,1.0,0,0.0
lineage,North America,B.1.503,0.0,0.0,1.0,0,0.0
lineage,North America,B.1.506,0.0,0.0,1.0,0,0.0
lineage,North America,B.1.507,0.0,0.0,1.0,0,0.0
lineage,North America,B.1.508,0.0,0.0,1.0,0,0.0
lineage,North America,B.1.509,0.0,0.0,1.0,0,0.0
lineage,North America,B.1.511,0.0,0.0,1.0,0,0.0
lineage,North America,B.1.513,0.0,0.0,1.0,0,0.0
lineage,North America,B.1.515,0.0,0.0,1.0,0,0.0
lineage,North America,B.1.516,0.0,0.0,1.0,0,0.0
lineage,North America,B.1.517,0.0,0.0,1.0,0,0.0
lineage,North America,B.1.518,0.0,0.0,1.0,0,0.0
lineage,North America,B.1.520,0.0,0.0,1.0,0,0.0
lineage,North America,B.1.521,0.0,0.0,1.0,0,0.0
lineage,North America,B.1.523,0.0,0.0,1.0,0,0.0
lineage,North America,B.1.525,0.0,0.0,1.0,0,0.0
lineage,North America,B.1.526,0.0,0.0,1.0,0,0.0
lineage,North America,B.1.527,0.0,0.0,1.0,0,0.0
lineage,North America,B.1.530,0.0,0.0,1.0,0,0.0
lineage,North America,B.1.539,0.0,0.0,1.0,0,0.0
lineage,North America,B.1.541,0.0,0.0,1.0,0,0.0
lineage,North America,B.1.543,0.0,0.0,1.0,0,0.0
lineage,North America,B.1.544,0.0,0.0,1.0,0,0.0
lineage,North America,B.1.546,0.0,0.0,1.0,0,0.0
lineage,North America,B.1.547,,0.0,,1,0.003484320557491289
lineage,North America,B.1.550,0.0,0.0,1.0,0,0.0
lineage,North America,B.1.551,0.0,0.0,1.0,0,0.0
lineage,North America,B.1.552,0.0,0.0,1.0,0,0.0
lineage,North America,B.1.554,0.0,0.0,1.0,0,0.0
lineage,North America,B.1.556,0.0,0.0,1.0,0,0.0
lineage,North America,B.1.558,0.0,0.0,1.0,0,0.0
lineage,North America,B.1.560,0.0,0.0,1.0,0,0.0
lineage,North America,B.1.561,0.0,0.0,1.0,0,0.0
lineage,North America,B.1.563,0.0,0.0,1.0,0,0.0
lineage,North America,B.1.564,0.0,0.0,1.0,0,0.0
lineage,North America,B.1.565,0.0,0.0,1.0,0,0.0
lineage,North America,B.1.566,0.0,0.0,1.0,0,0.0
lineage,North America,B.1.567,0.0,0.0,1.0,0,0.0
lineage,North America,B.1.568,0.0,0.0,1.0,0,0.0
lineage,North America,B.1.570,0.0,0.0,1.0,0,0.0
lineage,North America,B.1.571,0.0,0.0,1.0,0,0.0
lineage,North America,B.1.572,0.0,0.0,1.0,0,0.0
lineage,North America,B.1.574,0.0,0.0,1.0,0,0.0
lineage,North America,B.1.575,0.0,0.0,1.0,0,0.0
lineage,North America,B.1.576,0.0,0.0,1.0,0,0.0
lineage,North America,B.1.577,0.0,0.0,1.0,0,0.0
lineage,North America,B.1.578,0.0,0.0,1.0,0,0.0
lineage,North America,B.1.579,0.0,0.0,1.0,0,0.0
lineage,North America,B.1.580,0.0,0.0,1.0,0,0.0
lineage,North America,B.1.581,0.0,0.0,1.0,0,0.0
lineage,North America,B.1.582,0.0,0.0,1.0,0,0.0
lineage,North America,B.1.585,0.0,0.0,1.0,0,0.0
lineage,North America,B.1.586,0.0,0.0,1.0,0,0.0
lineage,North America,B.1.587,0.0,0.0,1.0,0,0.0
lineage,North America,B.1.588,0.0,0.0,1.0,0,0.0
lineage,North America,B.1.589,0.0,0.0,1.0,0,0.0
lineage,North America,B.1.590,0.0,0.0,1.0,0,0.0
lineage,North America,B.1.591,0.0,0.0,1.0,0,0.0
lineage,North America,B.1.594,0.0,0.0,1.0,0,0.0
lineage,North America,B.1.595,,0.0,,2,0.006968641114982578
lineage,North America,B.1.595.1,0.0,0.0,1.0,0,0.0
lineage,North America,B.1.595.2,0.0,0.0,1.0,0,0.0
lineage,North America,B.1.595.3,0.0,0.0,1.0,0,0.0
lineage,North America,B.1.595.4,0.0,0.0,1.0,0,0.0
lineage,North America,B.1.596,0.0,0.0,1.0,0,0.0
lineage,North America,B.1.596.1,0.0,0.0,1.0,0,0.0
lineage,North America,B.1.599,0.0,0.0,1.0,0,0.0
lineage,North America,B.1.601,0.0,0.0,1.0,0,0.0
lineage,North America,B.1.602,0.0,0.0,1.0,0,0.0
lineage,North America,B.1.603,0.0,0.0,1.0,0,0.0
lineage,North America,B.1.605,0.0,0.0,1.0,0,0.0
lineage,North America,B.1.606,0.0,0.0,1.0,0,0.0
lineage,North America,B.1.609,0.0,0.0,1.0,0,0.0
lineage,North America,B.1.610,0.0,0.0,1.0,0,0.0
lineage,North America,B.1.612,0.0,0.0,1.0,0,0.0
lineage,North America,B.1.623,0.0,0.0,1.0,0,0.0
lineage,North America,B.1.8,0.0,0.0,1.0,0,0.0
lineage,North America,B.1.9,0.0,0.0,1.0,0,0.0
lineage,North America,B.1.9.2,0.0,0.0,1.0,0,0.0
lineage,North America,B.1.91,0.0,0.0,1.0,0,0.0
lineage,North America,B.1.93,0.0,0.0,1.0,0,0.0
lineage,North America,B.11,0.0,0.0,1.0,0,0.0
lineage,North America,B.13,0.0,0.0,1.0,0,0.0
lineage,North America,B.19,0.0,0.0,1.0,0,0.0
lineage,North America,B.20,0.0,0.0,1.0,0,0.0
lineage,North America,B.23,0.0,0.0,1.0,0,0.0
lineage,North America,B.27,0.0,0.0,1.0,0,0.0
lineage,North America,B.28,0.0,0.0,1.0,0,0.0
lineage,North America,B.29,0.0,0.0,1.0,0,0.0
lineage,North America,B.3,,0.0,,1,0.003484320557491289
lineage,North America,B.3.1,0.0,0.0,1.0,0,0.0
lineage,North America,B.30,0.0,0.0,1.0,0,0.0
lineage,North America,B.31,0.0,0.0,1.0,0,0.0
lineage,North America,B.35,0.0,0.0,1.0,0,0.0
lineage,North America,B.37,0.0,0.0,1.0,0,0.0
lineage,North America,B.39,,0.0,,1,0.003484320557491289
lineage,North America,B.4,,0.0,,1,0.003484320557491289
lineage,North America,B.4.4,0.0,0.0,1.0,0,0.0
lineage,North America,B.4.7,0.0,0.0,1.0,0,0.0
lineage,North America,B.40,0.0,0.0,1.0,0,0.0
lineage,North America,B.41,,0.0,,2,0.006968641114982578
lineage,North America,B.46,0.0,0.0,1.0,0,0.0
lineage,North America,B.5,-0.07407407407407407,-1.0,0.0,2,0.07407407407407407
lineage,North America,B.51,0.0,0.0,1.0,0,0.0
lineage,North America,B.55,0.0,0.0,1.0,0,0.0
lineage,North America,B.57,0.0,0.0,1.0,0,0.0
lineage,North America,B.58,-0.0015556259458698485,-0.42274042732557227,0.25696340899803466,3,0.030303030303030304
lineage,North America,B.59,,0.0,,2,0.006968641114982578
lineage,North America,B.6,,0.0,,3,0.010452961672473868
lineage,North America,B.6.3,0.0,0.0,1.0,0,0.0
lineage,North America,C.16,0.0,0.0,1.0,0,0.0
lineage,North America,C.23,0.0,0.0,1.0,0,0.0
lineage,North America,C.31,0.0,0.0,1.0,0,0.0
lineage,North America,C.35,0.0,0.0,1.0,0,0.0
lineage,North America,C.36,0.0,0.0,1.0,0,0.0
lineage,North America,C.37,0.0,0.0,1.0,0,0.0
lineage,North America,L.3,0.0,0.0,1.0,0,0.0
lineage,North America,L.4,0.0,0.0,1.0,0,0.0
lineage,North America,N.1,0.0,0.0,1.0,0,0.0
lineage,North America,N.5,0.0,0.0,1.0,0,0.0
lineage,North America,P.1,0.0,0.0,1.0,0,0.0
lineage,North America,P.2,0.0,0.0,1.0,0,0.0
lineage,North America,R.1,0.0,0.0,1.0,0,0.0
lineage,North America,R.2,0.0,0.0,1.0,0,0.0
lineage,North America,W.1,0.0,0.0,1.0,0,0.0
lineage,Oceania,A,-0.3,-0.7745966692414834,0.22540333075851657,1,1.0
lineage,Oceania,A.1,-0.00016501650165016502,-0.5477225575051662,0.12687036692367074,1,0.0024752475247524753
lineage,Oceania,A.2,0.0,0.0,1.0,0,0.0
lineage,Oceania,A.2.2,-0.0004950495049504951,-0.5477225575051662,0.12687036692367074,3,0.007425742574257425
lineage,Oceania,A.25,0.0,0.0,1.0,0,0.0
lineage,Oceania,A.3,0.0,0.0,1.0,0,0.0
lineage,Oceania,A.5,0.0,0.0,1.0,0,0.0
lineage,Oceania,B,0.04427942794279428,0.3590219426375466,0.3426823410236585,7,1.0
lineage,Oceania,B.1,-0.0013201320132013204,-0.016322477374223557,0.9667555038191071,12,0.6666666666666666
lineage,Oceania,B.1.1,0.0,0.0,1.0,0,0.0
lineage,Oceania,B.1.1.1,0.0,0.0,1.0,0,0.0
lineage,Oceania,B.1.1.10,0.0,0.0,1.0,0,0.0
lineage,Oceania,B.1.1.133,0.0,0.0,1.0,0,0.0
lineage,Oceania,B.1.1.136,-0.00033003300330033004,-0.5477225575051662,0.12687036692367074,2,0.0049504950495049506
lineage,Oceania,B.1.1.161,0.0,0.0,1.0,0,0.0
lineage,Oceania,B.1.1.164,0.0,0.0,1.0,0,0.0
lineage,Oceania,B.1.1.198,0.0,0.0,1.0,0,0.0
lineage,Oceania,B.1.1.216,0.0,0.0,1.0,0,0.0
lineage,Oceania,B.1.1.25,0.0,0.0,1.0,0,0.0
lineage,Oceania,B.1.1.254,0.0,0.0,1.0,0,0.0
lineage,Oceania,B.1.1.33,0.0,0.0,1.0,0,0.0
lineage,Oceania,B.1.1.369,0.0,0.0,1.0,0,0.0
lineage,Oceania,B.1.1.416,0.0,0.0,1.0,0,0.0
lineage,Oceania,B.1.1.431,0.0,0.0,1.0,0,0.0
lineage,Oceania,B.1.1.71,0.0,0.0,1.0,0,0.0
lineage,Oceania,B.1.1.75,0.0,0.0,1.0,0,0.0
lineage,Oceania,B.1.1.8,0.0,0.0,1.0,0,0.0
lineage,Oceania,B.1.1.89,0.0,0.0,1.0,0,0.0
lineage,Oceania,B.1.110,-0.00033003300330033004,-0.5477225575051662,0.12687036692367074,2,0.0049504950495049506
lineage,Oceania,B.1.13,0.0,0.0,1.0,0,0.0
lineage,Oceania,B.1.153,0.0,0.0,1.0,0,0.0
lineage,Oceania,B.1.164,-0.00016501650165016502,-0.5477225575051662,0.12687036692367074,1,0.0024752475247524753
lineage,Oceania,B.1.2,0.0,0.0,1.0,0,0.0
lineage,Oceania,B.1.210,0.0,0.0,1.0,0,0.0
lineage,Oceania,B.1.22,0.0,0.0,1.0,0,0.0
lineage,Oceania,B.1.23,0.0,0.0,1.0,0,0.0
lineage,Oceania,B.1.264,0.0,0.0,1.0,0,0.0
lineage,Oceania,B.1.313,0.0,0.0,1.0,0,0.0
lineage,Oceania,B.1.314,0.0,0.0,1.0,0,0.0
lineage,Oceania,B.1.319,0.0,0.0,1.0,0,0.0
lineage,Oceania,B.1.320,0.0,0.0,1.0,0,0.0
lineage,Oceania,B.1.333,0.0,0.0,1.0,0,0.0
lineage,Oceania,B.1.338,-0.0004950495049504951,-0.5477225575051662,0.12687036692367074,3,0.007425742574257425
lineage,Oceania,B.1.36,0.0,0.0,1.0,0,0.0
lineage,Oceania,B.1.36.16,0.0,0.0,1.0,0,0.0
lineage,Oceania,B.1.369,0.0,0.0,1.0,0,0.0
lineage,Oceania,B.1.391,0.0,0.0,1.0,0,0.0
lineage,Oceania,B.1.434,0.0,0.0,1.0,0,0.0
lineage,Oceania,B.1.446,0.0,0.0,1.0,0,0.0
lineage,Oceania,B.1.471,0.0,0.0,1.0,0,0.0
lineage,Oceania,B.1.523,0.0,0.0,1.0,0,0.0
lineage,Oceania,B.1.576,0.0,0.0,1.0,0,0.0
lineage,Oceania,B.1.579,0.0,0.0,1.0,0,0.0
lineage,Oceania,B.1.595,0.0,0.0,1.0,0,0.0
lineage,Oceania,B.1.6,0.0,0.0,1.0,0,0.0
lineage,Oceania,B.1.610,0.0,0.0,1.0,0,0.0
lineage,Oceania,B.1.8,0.0,0.0,1.0,0,0.0
lineage,Oceania,B.28,-0.011276127612761274,-0.13902784305435847,0.7212972042005512,3,0.6666666666666666
lineage,Oceania,B.29,0.0,0.0,1.0,0,0.0
lineage,Oceania,B.3,0.0,0.0,1.0,0,0.0
lineage,Oceania,B.31,-0.00016501650165016502,-0.5477225575051662,0.12687036692367074,1,0.0024752475247524753
lineage,Oceania,B.35,0.0,0.0,1.0,0,0.0
lineage,Oceania,B.39,0.0,0.0,1.0,0,0.0
lineage,Oceania,B.4,0.0,0.0,1.0,0,0.0
lineage,Oceania,B.4.4,0.0,0.0,1.0,0,0.0
lineage,Oceania,B.4.5,0.0,0.0,1.0,0,0.0
lineage,Oceania,B.4.6,0.0,0.0,1.0,0,0.0
lineage,Oceania,B.40,0.0,0.0,1.0,0,0.0
lineage,Oceania,B.5,,0.0,,1,1.0
lineage,Oceania,B.6,-0.00016501650165016502,-0.5477225575051662,0.12687036692367074,1,0.0024752475247524753
lineage,Oceania,B.6.6,0.0,0.0,1.0,0,0.0
lineage,Oceania,B.61,0.0,0.0,1.0,0,0.0
lineage,Oceania,C.11,0.0,0.0,1.0,0,0.0
lineage,Oceania,D.2,-0.06188118811881188,-0.5477225575051662,0.12687036692367074,375,0.9282178217821783
lineage,Oceania,D.3,-0.0008250825082508252,-0.547722557505166,0.12687036692367107,5,0.012376237623762377
lineage,South America,A,0.0,0.0,1.0,0,0.0
lineage,South America,A.2,0.0,0.0,1.0,0,0.0
lineage,South America,A.5,0.0,0.0,1.0,0,0.0
lineage,South America,B,,0.0,,1,1.0
lineage,South America,B.1,0.0,0.0,1.0,0,0.0
lineage,South America,B.1.1,0.0,0.0,1.0,0,0.0
lineage,South America,B.1.1.1,0.0,0.0,1.0,0,0.0
lineage,South America,B.1.1.203,0.0,0.0,1.0,0,0.0
lineage,South America,B.1.1.231,0.0,0.0,1.0,0,0.0
lineage,South America,B.1.1.28,0.0,0.0,1.0,0,0.0
lineage,South America,B.1.1.33,0.0,0.0,1.0,0,0.0
lineage,South America,B.1.110,0.0,0.0,1.0,0,0.0
lineage,South America,B.1.110.1,0.0,0.0,1.0,0,0.0
lineage,South America,B.1.111,0.0,0.0,1.0,0,0.0
lineage,South America,B.1.199,0.0,0.0,1.0,0,0.0
lineage,South America,B.1.321,0.0,0.0,1.0,0,0.0
lineage,South America,B.1.415,0.0,0.0,1.0,0,0.0
lineage,South America,B.1.499,0.0,0.0,1.0,0,0.0
lineage,South America,B.1.610,0.0,0.0,1.0,0,0.0
lineage,South America,B.31,0.0,0.0,1.0,0,0.0
lineage,South America,C.14,0.0,0.0,1.0,0,0.0
lineage,South America,C.26,0.0,0.0,1.0,0,0.0
lineage,South America,N.3,0.0,0.0,1.0,0,0.0
lineage,South America,N.4,0.0,0.0,1.0,0,0.0
lineage,South America,N.6,0.0,0.0,1.0,0,0.0
lineage,South America,N.7,0.0,0.0,1.0,0,0.0
spike_combo,Africa,"A222V,D614G",0.0,0.0,1.0,0,0.0
spike_combo,Africa,"D138Y,D614G",0.0,0.0,1.0,0,0.0
spike_combo,Africa,D614G,,0.0,,4,0.6666666666666666
spike_combo,Africa,"D614G,E780Q",0.0,0.0,1.0,0,0.0
spike_combo,Africa,"D614G,N679K",0.0,0.0,1.0,0,0.0
spike_combo,Africa,"D614G,P681H",0.0,0.0,1.0,0,0.0
spike_combo,Africa,"D614G,P812L",0.0,0.0,1.0,0,0.0
spike_combo,Africa,"D614G,Q675H",0.0,0.0,1.0,0,0.0
spike_combo,Africa,"D614G,Q677H",0.0,0.0,1.0,0,0.0
spike_combo,Africa,"D614G,S640F",0.0,0.0,1.0,0,0.0
spike_combo,Africa,"E583D,D614G",0.0,0.0,1.0,0,0.0
spike_combo,Africa,"H49Y,D614G",0.0,0.0,1.0,0,0.0
spike_combo,Africa,"HV69-,Y144-,N501Y,A570D,D614G,P681H,T716I,S982A,D1118H",0.0,0.0,1.0,0,0.0
spike_combo,Africa,L5F,0.0,0.0,1.0,0,0.0
spike_combo,Africa,"L5F,D614G",0.0,0.0,1.0,0,0.0
spike_combo,Africa,"N501T,D614G",0.0,0.0,1.0,0,0.0
spike_combo,Africa,"N501Y,A570D,D614G,P681H,T716I,S982A,D1118H",0.0,0.0,1.0,0,0.0
spike_combo,Africa,Reference,,0.0,,2,0.3333333333333333
spike_combo,Africa,"S477N,D614G",0.0,0.0,1.0,0,0.0
spike_combo,Africa,"T20I,D614G",0.0,0.0,1.0,0,0.0
spike_combo,Asia,"A520S,D614G",0.0,0.0,1.0,0,0.0
spike_combo,Asia,"D138H,D614G",0.0,0.0,1.0,0,0.0
spike_combo,Asia,"D138Y,D614G",0.0,0.0,1.0,0,0.0
spike_combo,Asia,D614G,0.02154584545888894,0.4231643446595148,0.2564357949938855,26,0.38461538461538464
spike_combo,Asia,"D614G,A688V",0.0,0.0,1.0,0,0.0
spike_combo,Asia,"D614G,D936Y",0.0,0.0,1.0,0,0.0
spike_combo,Asia,"D614G,N679K",0.0,0.0,1.0,0,0.0
spike_combo,Asia,"D614G,P1263L",0.0,0.0,1.0,0,0.0
spike_combo,Asia,"D614G,P681H",0.0,0.0,1.0,0,0.0
spike_combo,Asia,"D614G,P681L",0.0,0.0,1.0,0,0.0
spike_combo,Asia,"D614G,P812L",0.0,0.0,1.0,0,0.0
spike_combo,Asia,"D614G,Q675H",0.0,0.0,1.0,0,0.0
spike_combo,Asia,"D614G,Q677H",0.0,0.0,1.0,0,0.0
spike_combo,Asia,"D614G,V1176F",0.0,0.0,1.0,0,0.0
spike_combo,Asia,"D614G,V1264L",0.0,0.0,1.0,0,0.0
spike_combo,Asia,"E583D,D614G",0.0,0.0,1.0,0,0.0
spike_combo,Asia,"H146Y,D614G",0.0,0.0,1.0,0,0.0
spike_combo,Asia,"H49Y,D614G",0.0,0.0,1.0,0,0.0
spike_combo,Asia,"HV69-,Y144-,N501Y,A570D,D614G,P681H,T716I,S982A,D1118H",0.0,0.0,1.0,0,0.0
spike_combo,Asia,"L54F,D614G",0.0,0.0,1.0,0,0.0
spike_combo,Asia,L5F,0.0,0.0,1.0,0,0.0
spike_combo,Asia,"L5F,D614G",0.0,0.0,1.0,0,0.0
spike_combo,Asia,"M153I,D614G",0.0,0.0,1.0,0,0.0
spike_combo,Asia,Reference,-0.048395758830541445,-0.44363409292968514,0.23164792877289042,156,1.0
spike_combo,Asia,"S12F,D614G",0.0,0.0,1.0,0,0.0
spike_combo,Asia,"S477N,D614G",0.0,0.0,1.0,0,0.0
spike_combo,Asia,"T307I,D614G",0.0,0.0,1.0,0,0.0
spike_combo,Asia,"T572I,D614G",0.0,0.0,1.0,0,0.0
spike_combo,Asia,"V382L,D614G",0.0,0.0,1.0,0,0.0
spike_combo,Europe,"A222V,D614G",-0.0064381136327056184,-0.5477225575051661,0.12687036692367104,200,0.09657170449058426
spike_combo,Europe,"A222V,P272L,D614G",-0.0017704812489940445,-0.5477225575051659,0.1268703669236712,55,0.02655721873491067
spike_combo,Europe,"A520S,D614G",0.0,0.0,1.0,0,0.0
spike_combo,Europe,"D215Y,D614G",-9.657170449058426e-05,-0.5477225575051662,0.12687036692367074,3,0.0014485755673587638
spike_combo,Europe,D614G,0.007420954271509556,0.067099571294619,0.8638177082187076,1218,0.631578947368421
spike_combo,Europe,"D614G,A688V",-6.438113632705618e-05,-0.5477225575051661,0.12687036692367104,2,0.0009657170449058426
spike_combo,Europe,"D614G,D936Y",0.0,0.0,1.0,0,0.0
spike_combo,Europe,"D614G,E780Q",-3.219056816352809e-05,-0.5477225575051661,0.12687036692367104,1,0.0004828585224529213
spike_combo,Europe,"D614G,M1229I",-3.219056816352809e-05,-0.5477225575051661,0.12687036692367104,1,0.0004828585224529213
spike_combo,Europe,"D614G,P1263L",0.0004307723947994349,0.5128664658454081,0.1579758532899428,2,0.006944444444444444
spike_combo,Europe,"D614G,Q675H",-3.219056816352809e-05,-0.5477225575051661,0.12687036692367104,1,0.0004828585224529213
spike_combo,Europe,"D614G,Q677H",-0.0002253339771446966,-0.5477225575051663,0.12687036692367068,7,0.003380009657170449
spike_combo,Europe,"D614G,S939F",-6.438113632705618e-05,-0.5477225575051661,0.12687036692367104,2,0.0009657170449058426
spike_combo,Europe,"D614G,V1228L",-3.219056816352809e-05,-0.5477225575051661,0.12687036692367104,1,0.0004828585224529213
spike_combo,Europe,"D614G,V1264L",-3.219056816352809e-05,-0.5477225575051661,0.12687036692367104,1,0.0004828585224529213
spike_combo,Europe,"D80Y,D614G",-0.0017061001126669885,-0.5477225575051659,0.1268703669236712,53,0.02559150169000483
spike_combo,Europe,"H146Y,D614G",-6.438113632705618e-05,-0.5477225575051661,0.12687036692367104,2,0.0009657170449058426
spike_combo,Europe,"H49Y,D614G",-3.219056816352809e-05,-0.5477225575051661,0.12687036692367104,1,0.0004828585224529213
spike_combo,Europe,"HV69-,Y144-,N501Y,A570D,D614G,P681H,T716I,S982A,D1118H",0.0,0.0,1.0,0,0.0
spike_combo,Europe,"L54F,D614G",0.0,0.0,1.0,0,0.0
spike_combo,Europe,L5F,,0.0,,1,0.006944444444444444
spike_combo,Europe,"L5F,D614G",0.0008615447895988698,0.5128664658454081,0.1579758532899428,4,0.013888888888888888
spike_combo,Europe,"M153I,D614G",0.0,0.0,1.0,0,0.0
spike_combo,Europe,"N501T,D614G",0.0,0.0,1.0,0,0.0
spike_combo,Europe,Reference,0.01756111737038826,0.41468622741574274,0.2670969788170317,87,0.2631578947368421
spike_combo,Europe,"S221L,D614G",0.0,0.0,1.0,0,0.0
spike_combo,Europe,"S477N,D614G",-0.00656687590535973,-0.5477225575051659,0.1268703669236712,204,0.09850313858039594
spike_combo,Europe,"S477N,D614G,G1124V",-3.219056816352809e-05,-0.5477225575051661,0.12687036692367104,1,0.0004828585224529213
spike_combo,Europe,"T307I,D614G",0.0,0.0,1.0,0,0.0
spike_combo,Europe,"T572I,D614G",,0.0,,1,0.006944444444444444
spike_combo,North America,"A222V,D614G",0.0,0.0,1.0,0,0.0
spike_combo,North America,"A263S,D614G",0.0,0.0,1.0,0,0.0
spike_combo,North America,"A475S,D614G",0.0,0.0,1.0,0,0.0
spike_combo,North America,"A520S,D614G",0.0,0.0,1.0,0,0.0
spike_combo,North America,"D111N,D614G",0.0,0.0,1.0,0,0.0
spike_combo,North America,"D138H,D614G",0.0,0.0,1.0,0,0.0
spike_combo,North America,"D138Y,D614G",0.0,0.0,1.0,0,0.0
spike_combo,North America,"D215Y,D614G",0.0,0.0,1.0,0,0.0
spike_combo,North America,"D253G,D614G",0.0,0.0,1.0,0,0.0
spike_combo,North America,D614G,0.0238834336395312,0.35814139583922333,0.3439539403618599,161,0.5400696864111498
spike_combo,North America,"D614G,A1070S",0.0,0.0,1.0,0,0.0
spike_combo,North America,"D614G,A688V",0.0,0.0,1.0,0,0.0
spike_combo,North America,"D614G,A845D",0.0,0.0,1.0,0,0.0
spike_combo,North America,"D614G,A845S",0.0,0.0,1.0,0,0.0
spike_combo,North America,"D614G,D936Y",0.0,0.0,1.0,0,0.0
spike_combo,North America,"D614G,E780Q",0.0,0.0,1.0,0,0.0
spike_combo,North America,"D614G,E780Q,T859I",0.0,0.0,1.0,0,0.0
spike_combo,North America,"D614G,M1229I",0.0,0.0,1.0,0,0.0
spike_combo,North America,"D614G,N1187Y",0.0,0.0,1.0,0,0.0
spike_combo,North America,"D614G,N679K",0.0,0.0,1.0,0,0.0
spike_combo,North America,"D614G,P1263L",0.0,0.0,1.0,0,0.0
spike_combo,North America,"D614G,P681H",0.0,0.0,1.0,0,0.0
spike_combo,North America,"D614G,P681L",0.0,0.0,1.0,0,0.0
spike_combo,North America,"D614G,P812L",0.0,0.0,1.0,0,0.0
spike_combo,North America,"D614G,Q675H",,0.0,,3,0.010452961672473868
spike_combo,North America,"D614G,Q677H",0.0,0.0,1.0,0,0.0
spike_combo,North America,"D614G,Q677H,T732S,E1202Q",0.0,0.0,1.0,0,0.0
spike_combo,North America,"D614G,Q677P",0.0,0.0,1.0,0,0.0
spike_combo,North America,"D614G,S640F",0.0,0.0,1.0,0,0.0
spike_combo,North America,"D614G,S939F",0.0,0.0,1.0,0,0.0
spike_combo,North America,"D614G,T732A",0.0,0.0,1.0,0,0.0
spike_combo,North America,"D614G,V1176F",0.0,0.0,1.0,0,0.0
spike_combo,North America,"D614G,V1228L",0.0,0.0,1.0,0,0.0
spike_combo,North America,"D614G,V1264L",0.0,0.0,1.0,0,0.0
spike_combo,North America,"D80Y,D614G",0.0,0.0,1.0,0,0.0
spike_combo,North America,"E484K,D614G,V1176F",0.0,0.0,1.0,0,0.0
spike_combo,North America,"E583D,D614G",0.0,0.0,1.0,0,0.0
spike_combo,North America,"G142S,E180V,D614G,Q677H",0.0,0.0,1.0,0,0.0
spike_combo,North America,"G252V,N501T,D614G",0.0,0.0,1.0,0,0.0
spike_combo,North America,"G72R,D614G",0.0,0.0,1.0,0,0.0
spike_combo,North America,"H146Y,D614G",0.0,0.0,1.0,0,0.0
spike_combo,North America,"H49Y,D614G",0.0,0.0,1.0,0,0.0
spike_combo,North America,"HV69-,D614G",-0.00202020202020202,-0.5477225575051662,0.12687036692367074,1,0.030303030303030304
spike_combo,North America,"HV69-,D614G,C1236S",0.0,0.0,1.0,0,0.0
spike_combo,North America,"HV69-,Y144-,N501Y,A570D,D614G,P681H,T716I,S982A,D1118H",0.0,0.0,1.0,0,0.0
spike_combo,North America,"HV69-,Y144-,N501Y,A570D,D614G,P681H,T716I,S982A,D1118H,K1191N",0.0,0.0,1.0,0,0.0
spike_combo,North America,"L18F,D614G,E780Q",0.0,0.0,1.0,0,0.0
spike_combo,North America,"L54F,A520S,D614G",0.0,0.0,1.0,0,0.0
spike_combo,North America,"L54F,D614G",0.0,0.0,1.0,0,0.0
spike_combo,North America,L5F,0.0,0.0,1.0,0,0.0
spike_combo,North America,"L5F,D614G",0.0,0.0,1.0,0,0.0
spike_combo,North America,"L5F,D614G,Q677H",0.0,0.0,1.0,0,0.0
spike_combo,North America,"M153I,D614G",0.0,0.0,1.0,0,0.0
spike_combo,North America,"N501T,D614G",0.0,0.0,1.0,0,0.0
spike_combo,North America,"N501Y,A570D,D614G,P681H,T716I,S982A,D1118H",0.0,0.0,1.0,0,0.0
spike_combo,North America,"N501Y,D614G",0.0,0.0,1.0,0,0.0
spike_combo,North America,"P251S,D614G",0.0,0.0,1.0,0,0.0
spike_combo,North America,"Q173K,D614G",0.0,0.0,1.0,0,0.0
spike_combo,North America,Reference,0.024820797991529697,0.19450340259993096,0.6160411741857914,187,1.0
spike_combo,North America,"S12F,D614G",,0.0,,1,0.003484320557491289
spike_combo,North America,"S13I,P26S,W152C,L452R,D614G",0.0,0.0,1.0,0,0.0
spike_combo,North America,"S13I,W152C,L452R,D614G",0.0,0.0,1.0,0,0.0
spike_combo,North America,"S13I,W152C,W258L,L452R,D614G",0.0,0.0,1.0,0,0.0
spike_combo,North America,"S221L,D614G",0.0,0.0,1.0,0,0.0
spike_combo,North America,"S477N,D614G",0.0,0.0,1.0,0,0.0
spike_combo,North America,"S494P,D614G",0.0,0.0,1.0,0,0.0
spike_combo,North America,"T20I,D614G",0.0,0.0,1.0,0,0.0
spike_combo,North America,"T307I,D614G",0.0,0.0,1.0,0,0.0
spike_combo,North America,"T478K,D614G,P681H,T732A",0.0,0.0,1.0,0,0.0
spike_combo,North America,"T572I,D614G",0.0,0.0,1.0,0,0.0
spike_combo,North America,"V382L,D614G",0.0,0.0,1.0,0,0.0
spike_combo,Oceania,"D138H,D614G",0.0,0.0,1.0,0,0.0
spike_combo,Oceania,"D253G,D614G",0.0,0.0,1.0,0,0.0
spike_combo,Oceania,D614G,-0.007095709570957095,-0.5477225575051661,0.12687036692367104,43,0.10643564356435643
spike_combo,Oceania,"D614G,D936Y",0.0,0.0,1.0,0,0.0
spike_combo,Oceania,"D614G,P1263L",0.0,0.0,1.0,0,0.0
spike_combo,Oceania,"D614G,Q675H",0.0,0.0,1.0,0,0.0
spike_combo,Oceania,"D614G,Q677H",0.0,0.0,1.0,0,0.0
spike_combo,Oceania,"D614G,V1228L",0.0,0.0,1.0,0,0.0
spike_combo,Oceania,"D614G,V1264L",0.0,0.0,1.0,0,0.0
spike_combo,Oceania,"D80Y,D614G",0.0,0.0,1.0,0,0.0
spike_combo,Oceania,"E583D,D614G",0.0,0.0,1.0,0,0.0
spike_combo,Oceania,"H49Y,D614G",-0.00033003300330033004,-0.5477225575051662,0.12687036692367074,2,0.0049504950495049506
spike_combo,Oceania,"L54F,D614G",0.0,0.0,1.0,0,0.0
spike_combo,Oceania,L5F,0.0,0.0,1.0,0,0.0
spike_combo,Oceania,"L5F,D614G",0.0,0.0,1.0,0,0.0
spike_combo,Oceania,"M153I,D614G",0.0,0.0,1.0,0,0.0
spike_combo,Oceania,"N501Y,D614G",-0.00033003300330033004,-0.5477225575051662,0.12687036692367074,2,0.0049504950495049506
spike_combo,Oceania,Reference,0.12106710671067106,0.6619561346161613,0.05210612149724844,20,1.0
spike_combo,Oceania,"S221L,D614G",0.0,0.0,1.0,0,0.0
spike_combo,Oceania,"S477N,D614G",-0.04884488448844885,-0.5477225575051661,0.12687036692367104,296,0.7326732673267327
spike_combo,Oceania,"S477N,D614G,A930V",-0.0009900990099009901,-0.5477225575051662,0.12687036692367074,6,0.01485148514851485
spike_combo,Oceania,"S477N,D614G,E1144Q",-0.0006600660066006601,-0.5477225575051662,0.12687036692367074,4,0.009900990099009901
spike_combo,Oceania,"S477N,D614G,G1124V",-0.00016501650165016502,-0.5477225575051662,0.12687036692367074,1,0.0024752475247524753
spike_combo,Oceania,"S477N,D614G,S698L",-0.0006600660066006601,-0.5477225575051662,0.12687036692367074,4,0.009900990099009901
spike_combo,Oceania,"S477N,D614G,T632N",-0.0011551155115511553,-0.547722557505166,0.12687036692367107,7,0.017326732673267328
spike_combo,Oceania,"S477N,D614G,T778I",-0.00016501650165016502,-0.5477225575051662,0.12687036692367074,1,0.0024752475247524753
spike_combo,Oceania,"T572I,D614G",0.0,0.0,1.0,0,0.0
spike_combo,Oceania,"V320I,S477N,D614G",-0.0011551155115511553,-0.547722557505166,0.12687036692367107,7,0.017326732673267328
spike_combo,South America,D614G,0.0,0.0,1.0,0,0.0
spike_combo,South America,"D614G,M1229I",0.0,0.0,1.0,0,0.0
spike_combo,South America,"D614G,P812L",0.0,0.0,1.0,0,0.0
spike_combo,South America,"D614G,V1176F",0.0,0.0,1.0,0,0.0
spike_combo,South America,"D614G,V1228L",0.0,0.0,1.0,0,0.0
spike_combo,South America,"H49Y,D614G",0.0,0.0,1.0,0,0.0
spike_combo,South America,Reference,,0.0,,1,1.0
spike_single,Africa,A1070S,0.0,0.0,1.0,0,0.0
spike_single,Africa,A1078S,0.0,0.0,1.0,0,0.0
spike_single,Africa,A222V,0.0,0.0,1.0,0,0.0
spike_single,Africa,A520S,0.0,0.0,1.0,0,0.0
spike_single,Africa,A522V,0.0,0.0,1.0,0,0.0
spike_single,Africa,A570D,0.0,0.0,1.0,0,0.0
spike_single,Africa,A688V,0.0,0.0,1.0,0,0.0
spike_single,Africa,A701V,0.0,0.0,1.0,0,0.0
spike_single,Africa,D1118H,0.0,0.0,1.0,0,0.0
spike_single,Africa,D111N,0.0,0.0,1.0,0,0.0
spike_single,Africa,D138H,0.0,0.0,1.0,0,0.0
spike_single,Africa,D138Y,0.0,0.0,1.0,0,0.0
spike_single,Africa,D215G,0.0,0.0,1.0,0,0.0
spike_single,Africa,D614G,,0.0,,4,0.6666666666666666
spike_single,Africa,D80Y,0.0,0.0,1.0,0,0.0
spike_single,Africa,D936Y,0.0,0.0,1.0,0,0.0
spike_single,Africa,E1144Q,0.0,0.0,1.0,0,0.0
spike_single,Africa,E484K,0.0,0.0,1.0,0,0.0
spike_single,Africa,E583D,0.0,0.0,1.0,0,0.0
spike_single,Africa,E780Q,0.0,0.0,1.0,0,0.0
spike_single,Africa,G1124V,0.0,0.0,1.0,0,0.0
spike_single,Africa,G1167V,0.0,0.0,1.0,0,0.0
spike_single,Africa,G1219C,0.0,0.0,1.0,0,0.0
spike_single,Africa,G75V,0.0,0.0,1.0,0,0.0
spike_single,Africa,G769V,0.0,0.0,1.0,0,0.0
spike_single,Africa,H1101Y,0.0,0.0,1.0,0,0.0
spike_single,Africa,H146Y,0.0,0.0,1.0,0,0.0
spike_single,Africa,H49Y,0.0,0.0,1.0,0,0.0
spike_single,Africa,H655Y,0.0,0.0,1.0,0,0.0
spike_single,Africa,HV69-,0.0,0.0,1.0,0,0.0
spike_single,Africa,K1191N,0.0,0.0,1.0,0,0.0
spike_single,Africa,L176F,0.0,0.0,1.0,0,0.0
spike_single,Africa,L18F,0.0,0.0,1.0,0,0.0
spike_single,Africa,L452R,0.0,0.0,1.0,0,0.0
spike_single,Africa,L54F,0.0,0.0,1.0,0,0.0
spike_single,Africa,L5F,0.0,0.0,1.0,0,0.0
spike_single,Africa,M1229I,0.0,0.0,1.0,0,0.0
spike_single,Africa,M1237I,0.0,0.0,1.0,0,0.0
spike_single,Africa,N439K,0.0,0.0,1.0,0,0.0
spike_single,Africa,N501T,0.0,0.0,1.0,0,0.0
spike_single,Africa,N501Y,0.0,0.0,1.0,0,0.0
spike_single,Africa,N679K,0.0,0.0,1.0,0,0.0
spike_single,Africa,P1162S,0.0,0.0,1.0,0,0.0
spike_single,Africa,P26S,0.0,0.0,1.0,0,0.0
spike_single,Africa,P681H,0.0,0.0,1.0,0,0.0
spike_single,Africa,P681L,0.0,0.0,1.0,0,0.0
spike_single,Africa,P681R,0.0,0.0,1.0,0,0.0
spike_single,Africa,P812L,0.0,0.0,1.0,0,0.0
spike_single,Africa,Q613H,0.0,0.0,1.0,0,0.0
spike_single,Africa,Q675H,0.0,0.0,1.0,0,0.0
spike_single,Africa,Q677H,0.0,0.0,1.0,0,0.0
spike_single,Africa,Reference,,0.0,,2,0.3333333333333333
spike_single,Africa,S12F,0.0,0.0,1.0,0,0.0
spike_single,Africa,S254F,0.0,0.0,1.0,0,0.0
spike_single,Africa,S477N,0.0,0.0,1.0,0,0.0
spike_single,Africa,S494P,0.0,0.0,1.0,0,0.0
spike_single,Africa,S640F,0.0,0.0,1.0,0,0.0
spike_single,Africa,S698L,0.0,0.0,1.0,0,0.0
spike_single,Africa,S982A,0.0,0.0,1.0,0,0.0
spike_single,Africa,T20I,0.0,0.0,1.0,0,0.0
spike_single,Africa,T22I,0.0,0.0,1.0,0,0.0
spike_single,Africa,T29I,0.0,0.0,1.0,0,0.0
spike_single,Africa,T572I,0.0,0.0,1.0,0,0.0
spike_single,Africa,T716I,0.0,0.0,1.0,0,0.0
spike_single,Africa,T859I,0.0,0.0,1.0,0,0.0
spike_single,Africa,T95I,0.0,0.0,1.0,0,0.0
spike_single,Africa,V1228L,0.0,0.0,1.0,0,0.0
spike_single,Africa,V1264L,0.0,0.0,1.0,0,0.0
spike_single,Africa,W152L,0.0,0.0,1.0,0,0.0
spike_single,Africa,Y144-,0.0,0.0,1.0,0,0.0
spike_single,Asia,A1020V,0.0,0.0,1.0,0,0.0
spike_single,Asia,A222V,0.0,0.0,1.0,0,0.0
spike_single,Asia,A520S,0.0,0.0,1.0,0,0.0
spike_single,Asia,A522V,0.0,0.0,1.0,0,0.0
spike_single,Asia,A570D,0.0,0.0,1.0,0,0.0
spike_single,Asia,A688V,0.0,0.0,1.0,0,0.0
spike_single,Asia,A701V,0.0,0.0,1.0,0,0.0
spike_single,Asia,A879S,0.0,0.0,1.0,0,0.0
spike_single,Asia,A930V,-0.005555555555555556,-0.7071067811865477,0.1816901138162091,1,0.027777777777777776
spike_single,Asia,D1118H,0.0,0.0,1.0,0,0.0
spike_single,Asia,D138H,0.0,0.0,1.0,0,0.0
spike_single,Asia,D138Y,-0.03084886128364389,-0.9473933043755702,0.05260669562442975,3,0.08695652173913043
spike_single,Asia,D614G,0.02126038212994735,0.40786433510432585,0.2758416403076831,29,0.38461538461538464
spike_single,Asia,D936Y,0.0,0.0,1.0,0,0.0
spike_single,Asia,E1202Q,0.0,0.0,1.0,0,0.0
spike_single,Asia,E484K,0.0,0.0,1.0,0,0.0
spike_single,Asia,E583D,0.0,0.0,1.0,0,0.0
spike_single,Asia,G1124V,-0.0022222222222222222,-0.5477225575051662,0.12687036692367074,1,0.03333333333333333
spike_single,Asia,G1167V,0.0,0.0,1.0,0,0.0
spike_single,Asia,G1219C,-0.005555555555555556,-0.7071067811865477,0.1816901138162091,1,0.027777777777777776
spike_single,Asia,G75V,0.0,0.0,1.0,0,0.0
spike_single,Asia,G769V,0.0,0.0,1.0,0,0.0
spike_single,Asia,H1101Y,0.0,0.0,1.0,0,0.0
spike_single,Asia,H146Y,0.0,0.0,1.0,0,0.0
spike_single,Asia,H49Y,0.0,0.0,1.0,0,0.0
spike_single,Asia,H655Y,0.0003996003996003993,0.08581241314849604,0.8715973317247836,2,0.01818181818181818
spike_single,Asia,HV69-,0.0,0.0,1.0,0,0.0
spike_single,Asia,K1191N,0.0,0.0,1.0,0,0.0
spike_single,Asia,L176F,0.0,0.0,1.0,0,0.0
spike_single,Asia,L18F,0.0,0.0,1.0,0,0.0
spike_single,Asia,L452R,0.0,0.0,1.0,0,0.0
spike_single,Asia,L54F,0.0,0.0,1.0,0,0.0
spike_single,Asia,L5F,0.0,0.0,1.0,0,0.0
spike_single,Asia,M1237I,0.0,0.0,1.0,0,0.0
spike_single,Asia,M153I,0.0,0.0,1.0,0,0.0
spike_single,Asia,M177I,0.0,0.0,1.0,0,0.0
spike_single,Asia,N439K,0.0,0.0,1.0,0,0.0
spike_single,Asia,N501Y,0.0,0.0,1.0,0,0.0
spike_single,Asia,N679K,0.0,0.0,1.0,0,0.0
spike_single,Asia,P1162S,0.0,0.0,1.0,0,0.0
spike_single,Asia,P1263L,-0.07692307692307693,-1.0,0.0,1,0.07692307692307693
spike_single,Asia,P26L,0.0,0.0,1.0,0,0.0
spike_single,Asia,P272L,0.0,0.0,1.0,0,0.0
spike_single,Asia,P681H,0.0,0.0,1.0,0,0.0
spike_single,Asia,P681L,0.0,0.0,1.0,0,0.0
spike_single,Asia,P681R,0.0,0.0,1.0,0,0.0
spike_single,Asia,P809S,0.0,0.0,1.0,0,0.0
spike_single,Asia,P812L,0.0,0.0,1.0,0,0.0
spike_single,Asia,Q613H,0.0,0.0,1.0,0,0.0
spike_single,Asia,Q675H,0.0,0.0,1.0,0,0.0
spike_single,Asia,Q675R,0.0,0.0,1.0,0,0.0
spike_single,Asia,Q677H,0.0,0.0,1.0,0,0.0
spike_single,Asia,Reference,-0.048395758830541445,-0.44363409292968514,0.23164792877289042,156,1.0
spike_single,Asia,S12F,0.0,0.0,1.0,0,0.0
spike_single,Asia,S13I,0.0,0.0,1.0,0,0.0
spike_single,Asia,S477N,0.0,0.0,1.0,0,0.0
spike_single,Asia,S640F,0.0,0.0,1.0,0,0.0
spike_single,Asia,S939F,0.0,0.0,1.0,0,0.0
spike_single,Asia,S982A,0.0,0.0,1.0,0,0.0
spike_single,Asia,S98F,0.0,0.0,1.0,0,0.0
spike_single,Asia,T22I,0.0,0.0,1.0,0,0.0
spike_single,Asia,T307I,0.0,0.0,1.0,0,0.0
spike_single,Asia,T478K,0.0,0.0,1.0,0,0.0
spike_single,Asia,T572I,0.0,0.0,1.0,0,0.0
spike_single,Asia,T716I,0.0,0.0,1.0,0,0.0
spike_single,Asia,T778I,0.0,0.0,1.0,0,0.0
spike_single,Asia,T95I,0.0,0.0,1.0,0,0.0
spike_single,Asia,V1104L,0.0,0.0,1.0,0,0.0
spike_single,Asia,V1176F,0.0,0.0,1.0,0,0.0
spike_single,Asia,V1264L,0.0,0.0,1.0,0,0.0
spike_single,Asia,V382L,0.0,0.0,1.0,0,0.0
spike_single,Asia,W152L,0.0,0.0,1.0,0,0.0
spike_single,Asia,W258L,0.0,0.0,1.0,0,0.0
spike_single,Asia,Y144-,-0.005555555555555556,-0.7071067811865477,0.1816901138162091,1,0.027777777777777776
spike_single,Europe,A1020V,0.00010886671316415402,0.10909687818225924,0.7799422517532919,12,0.006944444444444444
spike_single,Europe,A1070V,0.0,0.0,1.0,0,0.0
spike_single,Europe,A1078S,-3.219056816352809e-05,-0.5477225575051661,0.12687036692367104,1,0.0004828585224529213
spike_single,Europe,A222V,-0.010687268630291324,-0.5477225575051661,0.12687036692367104,332,0.16030902945436987
spike_single,Europe,A520S,0.0,0.0,1.0,0,0.0
spike_single,Europe,A522S,0.0,0.0,1.0,0,0.0
spike_single,Europe,A570D,0.0,0.0,1.0,0,0.0
spike_single,Europe,A688V,-6.438113632705618e-05,-0.5477225575051661,0.12687036692367104,2,0.0009657170449058426
spike_single,Europe,A701V,0.0,0.0,1.0,0,0.0
spike_single,Europe,A845S,0.0032085501725772126,0.5429297033845245,0.13091077722602204,8,0.04861111111111111
spike_single,Europe,A879S,0.0,0.0,1.0,0,0.0
spike_single,Europe,D1118H,0.0,0.0,1.0,0,0.0
spike_single,Europe,D138Y,0.0,0.0,1.0,0,0.0
spike_single,Europe,D215G,0.0,0.0,1.0,0,0.0
spike_single,Europe,D215Y,-9.657170449058426e-05,-0.5477225575051662,0.12687036692367074,3,0.0014485755673587638
spike_single,Europe,D614G,-0.009191614356993394,-0.06362972991285888,0.8708111321715315,2134,0.975374215354901
spike_single,Europe,D80Y,-0.001931434089811685,-0.5477225575051661,0.12687036692367104,60,0.028971511347175277
spike_single,Europe,D936Y,0.0,0.0,1.0,0,0.0
spike_single,Europe,E484K,-3.219056816352809e-05,-0.5477225575051661,0.12687036692367104,1,0.0004828585224529213
spike_single,Europe,E583D,-6.438113632705618e-05,-0.5477225575051661,0.12687036692367104,2,0.0009657170449058426
spike_single,Europe,E780Q,-3.219056816352809e-05,-0.5477225575051661,0.12687036692367104,1,0.0004828585224529213
spike_single,Europe,F220L,0.0,0.0,1.0,0,0.0
spike_single,Europe,F486L,0.0,0.0,1.0,0,0.0
spike_single,Europe,G1124V,-9.657170449058426e-05,-0.5477225575051662,0.12687036692367074,3,0.0014485755673587638
spike_single,Europe,G1167V,0.0,0.0,1.0,0,0.0
spike_single,Europe,G1219C,-0.00019314340898116852,-0.5477225575051662,0.12687036692367074,6,0.0028971511347175277
spike_single,Europe,G75V,0.0,0.0,1.0,0,0.0
spike_single,Europe,G769V,-3.219056816352809e-05,-0.5477225575051661,0.12687036692367104,1,0.0004828585224529213
spike_single,Europe,H1101Y,0.0,0.0,1.0,0,0.0
spike_single,Europe,H146Y,-6.438113632705618e-05,-0.5477225575051661,0.12687036692367104,2,0.0009657170449058426
spike_single,Europe,H49Y,-6.438113632705618e-05,-0.005030537925106892,0.9897520884080773,4,0.10526315789473684
spike_single,Europe,H655Y,0.0,0.0,1.0,0,0.0
spike_single,Europe,H69Y,-6.438113632705618e-05,-0.5477225575051661,0.12687036692367104,2,0.0009657170449058426
spike_single,Europe,HV69-,0.0,0.0,1.0,0,0.0
spike_single,Europe,K1073N,0.0,0.0,1.0,0,0.0
spike_single,Europe,K1191N,0.0,0.0,1.0,0,0.0
spike_single,Europe,L176F,-3.219056816352809e-05,-0.5477225575051661,0.12687036692367104,1,0.0004828585224529213
spike_single,Europe,L189F,-6.438113632705618e-05,-0.5477225575051661,0.12687036692367104,2,0.0009657170449058426
spike_single,Europe,L18F,-3.219056816352809e-05,-0.5477225575051661,0.12687036692367104,1,0.0004828585224529213
spike_single,Europe,L452R,0.0,0.0,1.0,0,0.0
spike_single,Europe,L54F,0.0,0.0,1.0,0,0.0
spike_single,Europe,L5F,0.0009382209345994957,0.36560549804325126,0.3332482809588201,17,0.020833333333333332
spike_single,Europe,L822F,-3.219056816352809e-05,-0.5477225575051661,0.12687036692367104,1,0.0004828585224529213
spike_single,Europe,M1229I,-0.00012876227265411235,-0.5477225575051661,0.12687036692367104,4,0.001931434089811685
spike_single,Europe,M1237I,0.0,0.0,1.0,0,0.0
spike_single,Europe,M153I,,0.0,,1,0.006944444444444444
spike_single,Europe,N439K,-0.0009013359085787864,-0.5477225575051663,0.12687036692367068,28,0.013520038628681796
spike_single,Europe,N501T,0.0,0.0,1.0,0,0.0
spike_single,Europe,N501Y,0.0,0.0,1.0,0,0.0
spike_single,Europe,P1162S,-3.219056816352809e-05,-0.5477225575051661,0.12687036692367104,1,0.0004828585224529213
spike_single,Europe,P1263L,0.0004307723947994349,0.5128664658454081,0.1579758532899428,2,0.006944444444444444
spike_single,Europe,P26L,0.0,0.0,1.0,0,0.0
spike_single,Europe,P26S,0.0,0.0,1.0,0,0.0
spike_single,Europe,P272L,-0.0020280057943022696,-0.5477225575051662,0.12687036692367074,63,0.03042008691453404
spike_single,Europe,P681H,-6.438113632705618e-05,-0.5477225575051661,0.12687036692367104,2,0.0009657170449058426
spike_single,Europe,P809S,-3.219056816352809e-05,-0.5477225575051661,0.12687036692367104,1,0.0004828585224529213
spike_single,Europe,P812L,-3.219056816352809e-05,-0.5477225575051661,0.12687036692367104,1,0.0004828585224529213
spike_single,Europe,Q613H,-3.219056816352809e-05,-0.5477225575051661,0.12687036692367104,1,0.0004828585224529213
spike_single,Europe,Q675H,-0.00012876227265411235,-0.5477225575051661,0.12687036692367104,4,0.001931434089811685
spike_single,Europe,Q675R,0.0,0.0,1.0,0,0.0
spike_single,Europe,Q677H,-0.0002575245453082247,-0.5477225575051661,0.12687036692367104,8,0.00386286817962337
spike_single,Europe,Reference,0.01756111737038826,0.41468622741574274,0.2670969788170317,87,0.2631578947368421
spike_single,Europe,S221L,0.0,0.0,1.0,0,0.0
spike_single,Europe,S254F,0.0012923171843983046,0.512866465845408,0.15797585328994287,6,0.020833333333333332
spike_single,Europe,S477N,-0.006985353291485595,-0.5477225575051661,0.12687036692367104,217,0.10478029937228392
spike_single,Europe,S477R,-9.657170449058426e-05,-0.5477225575051662,0.12687036692367074,3,0.0014485755673587638
spike_single,Europe,S640F,-3.219056816352809e-05,-0.5477225575051661,0.12687036692367104,1,0.0004828585224529213
spike_single,Europe,S939F,-6.438113632705618e-05,-0.5477225575051661,0.12687036692367104,2,0.0009657170449058426
spike_single,Europe,S982A,0.0,0.0,1.0,0,0.0
spike_single,Europe,S98F,-0.0004506679542893932,-0.5477225575051663,0.12687036692367068,14,0.006760019314340898
spike_single,Europe,T1117I,0.0,0.0,1.0,0,0.0
spike_single,Europe,T22I,0.0,0.0,1.0,0,0.0
spike_single,Europe,T29I,-6.438113632705618e-05,-0.5477225575051661,0.12687036692367104,2,0.0009657170449058426
spike_single,Europe,T307I,0.0,0.0,1.0,0,0.0
spike_single,Europe,T572I,0.0004307723947994349,0.5128664658454081,0.1579758532899428,2,0.006944444444444444
spike_single,Europe,T716I,0.0,0.0,1.0,0,0.0
spike_single,Europe,T859I,-9.657170449058426e-05,-0.5477225575051662,0.12687036692367074,3,0.0014485755673587638
spike_single,Europe,T95I,-0.00012876227265411235,-0.5477225575051661,0.12687036692367104,4,0.001931434089811685
spike_single,Europe,V1104L,-9.657170449058426e-05,-0.5477225575051662,0.12687036692367074,3,0.0014485755673587638
spike_single,Europe,V1176F,-6.438113632705618e-05,-0.5477225575051661,0.12687036692367104,2,0.0009657170449058426
spike_single,Europe,V1228L,-3.219056816352809e-05,-0.5477225575051661,0.12687036692367104,1,0.0004828585224529213
spike_single,Europe,V1264L,-6.438113632705618e-05,-0.5477225575051661,0.12687036692367104,2,0.0009657170449058426
spike_single,Europe,V308L,-3.219056816352809e-05,-0.5477225575051661,0.12687036692367104,1,0.0004828585224529213
spike_single,Europe,V90F,-0.0015773378400128764,-0.5477225575051662,0.12687036692367074,49,0.023660067600193145
spike_single,Europe,Y144-,0.0,0.0,1.0,0,0.0
spike_single,North America,A1020V,0.0,0.0,1.0,0,0.0
spike_single,North America,A1070S,0.0,0.0,1.0,0,0.0
spike_single,North America,A1070V,0.0,0.0,1.0,0,0.0
spike_single,North America,A1078S,0.0,0.0,1.0,0,0.0
spike_single,North America,A222V,0.0,0.0,1.0,0,0.0
spike_single,North America,A263S,0.0,0.0,1.0,0,0.0
spike_single,North America,A475S,0.0,0.0,1.0,0,0.0
spike_single,North America,A520S,0.0,0.0,1.0,0,0.0
spike_single,North America,A522S,0.0,0.0,1.0,0,0.0
spike_single,North America,A522V,0.0,0.0,1.0,0,0.0
spike_single,North America,A570D,0.0,0.0,1.0,0,0.0
spike_single,North America,A688V,0.0,0.0,1.0,0,0.0
spike_single,North America,A701V,0.0,0.0,1.0,0,0.0
spike_single,North America,A845D,0.0,0.0,1.0,0,0.0
spike_single,North America,A845S,0.0,0.0,1.0,0,0.0
spike_single,North America,A879S,0.0,0.0,1.0,0,0.0
spike_single,North America,A930V,0.0,0.0,1.0,0,0.0
spike_single,North America,C1236S,0.0,0.0,1.0,0,0.0
spike_single,North America,D1118H,0.0,0.0,1.0,0,0.0
spike_single,North America,D111N,0.0,0.0,1.0,0,0.0
spike_single,North America,D138H,0.0,0.0,1.0,0,0.0
spike_single,North America,D138Y,0.0,0.0,1.0,0,0.0
spike_single,North America,D178N,0.0,0.0,1.0,0,0.0
spike_single,North America,D215G,0.0,0.0,1.0,0,0.0
spike_single,North America,D215Y,0.0,0.0,1.0,0,0.0
spike_single,North America,D253G,0.0,0.0,1.0,0,0.0
spike_single,North America,D614G,0.02302467180515961,0.33119571453174834,0.38396366060564946,167,0.5574912891986062
spike_single,North America,D80Y,0.0,0.0,1.0,0,0.0
spike_single,North America,D936N,0.0,0.0,1.0,0,0.0
spike_single,North America,D936Y,0.0,0.0,1.0,0,0.0
spike_single,North America,E1144Q,0.0,0.0,1.0,0,0.0
spike_single,North America,E1202Q,0.0,0.0,1.0,0,0.0
spike_single,North America,E180V,0.0,0.0,1.0,0,0.0
spike_single,North America,E484K,0.0,0.0,1.0,0,0.0
spike_single,North America,E583D,0.0,0.0,1.0,0,0.0
spike_single,North America,E780Q,0.0,0.0,1.0,0,0.0
spike_single,North America,F220L,0.0,0.0,1.0,0,0.0
spike_single,North America,F486L,0.0,0.0,1.0,0,0.0
spike_single,North America,G1124V,0.0,0.0,1.0,0,0.0
spike_single,North America,G1167V,0.0,0.0,1.0,0,0.0
spike_single,North America,G1219C,0.0,0.0,1.0,0,0.0
spike_single,North America,G142D,0.0,0.0,1.0,0,0.0
spike_single,North America,G142S,0.0,0.0,1.0,0,0.0
spike_single,North America,G252V,0.0,0.0,1.0,0,0.0
spike_single,North America,G72R,0.0,0.0,1.0,0,0.0
spike_single,North America,G75V,0.0,0.0,1.0,0,0.0
spike_single,North America,G769V,0.0,0.0,1.0,0,0.0
spike_single,North America,H1101Y,0.0,0.0,1.0,0,0.0
spike_single,North America,H146Y,0.0,0.0,1.0,0,0.0
spike_single,North America,H49Y,-0.03333333333333333,-0.7071067811865476,0.1816901138162091,1,0.16666666666666666
spike_single,North America,H655Y,,0.0,,1,0.003484320557491289
spike_single,North America,H69Y,0.0,0.0,1.0,0,0.0
spike_single,North America,HV69-,-0.00202020202020202,-0.5477225575051662,0.12687036692367074,1,0.030303030303030304
spike_single,North America,K1073N,0.0,0.0,1.0,0,0.0
spike_single,North America,K1191N,0.0,0.0,1.0,0,0.0
spike_single,North America,L176F,0.0,0.0,1.0,0,0.0
spike_single,North America,L189F,0.0,0.0,1.0,0,0.0
spike_single,North America,L18F,0.0,0.0,1.0,0,0.0
spike_single,North America,L452R,0.0,0.0,1.0,0,0.0
spike_single,North America,L54F,0.0,0.0,1.0,0,0.0
spike_single,North America,L5F,0.0,0.0,1.0,0,0.0
spike_single,North America,L822F,0.0,0.0,1.0,0,0.0
spike_single,North America,M1229I,0.0,0.0,1.0,0,0.0
spike_single,North America,M1237I,0.0,0.0,1.0,0,0.0
spike_single,North America,M153I,0.0,0.0,1.0,0,0.0
spike_single,North America,M177I,0.0,0.0,1.0,0,0.0
spike_single,North America,N1187Y,0.0,0.0,1.0,0,0.0
spike_single,North America,N439K,0.0,0.0,1.0,0,0.0
spike_single,North America,N501T,0.0,0.0,1.0,0,0.0
spike_single,North America,N501Y,0.0,0.0,1.0,0,0.0
spike_single,North America,N679K,0.0,0.0,1.0,0,0.0
spike_single,North America,P1162S,0.0,0.0,1.0,0,0.0
spike_single,North America,P1263L,0.0,0.0,1.0,0,0.0
spike_single,North America,P251S,0.0,0.0,1.0,0,0.0
spike_single,North America,P26L,0.0,0.0,1.0,0,0.0
spike_single,North America,P26S,0.0,0.0,1.0,0,0.0
spike_single,North America,P272L,0.0,0.0,1.0,0,0.0
spike_single,North America,P681H,0.0,0.0,1.0,0,0.0
spike_single,North America,P681L,0.0,0.0,1.0,0,0.0
spike_single,North America,P681R,0.0,0.0,1.0,0,0.0
spike_single,North America,P809S,-0.00202020202020202,-0.5477225575051662,0.12687036692367074,1,0.030303030303030304
spike_single,North America,P812L,0.0,0.0,1.0,0,0.0
spike_single,North America,Q173K,0.0,0.0,1.0,0,0.0
spike_single,North America,Q613H,0.0,0.0,1.0,0,0.0
spike_single,North America,Q675H,,0.0,,3,0.010452961672473868
spike_single,North America,Q675R,0.0,0.0,1.0,0,0.0
spike_single,North America,Q677H,0.0,0.0,1.0,0,0.0
spike_single,North America,Q677P,0.0,0.0,1.0,0,0.0
spike_single,North America,Reference,0.024820797991529697,0.19450340259993096,0.6160411741857914,187,1.0
spike_single,North America,S1252F,0.0,0.0,1.0,0,0.0
spike_single,North America,S12F,,0.0,,1,0.003484320557491289
spike_single,North America,S13I,0.0,0.0,1.0,0,0.0
spike_single,North America,S221L,0.0,0.0,1.0,0,0.0
spike_single,North America,S254F,0.0,0.0,1.0,0,0.0
spike_single,North America,S477N,0.0,0.0,1.0,0,0.0
spike_single,North America,S477R,0.0,0.0,1.0,0,0.0
spike_single,North America,S494P,0.0,0.0,1.0,0,0.0
spike_single,North America,S640F,0.0,0.0,1.0,0,0.0
spike_single,North America,S698L,0.0,0.0,1.0,0,0.0
spike_single,North America,S939F,0.0,0.0,1.0,0,0.0
spike_single,North America,S982A,0.0,0.0,1.0,0,0.0
spike_single,North America,S98F,0.0,0.0,1.0,0,0.0
spike_single,North America,T1117I,0.0,0.0,1.0,0,0.0
spike_single,North America,T20I,0.0,0.0,1.0,0,0.0
spike_single,North America,T22I,0.0,0.0,1.0,0,0.0
spike_single,North America,T22N,0.0,0.0,1.0,0,0.0
spike_single,North America,T29I,0.0,0.0,1.0,0,0.0
spike_single,North America,T307I,0.0,0.0,1.0,0,0.0
spike_single,North America,T478K,0.0,0.0,1.0,0,0.0
spike_single,North America,T572I,0.0,0.0,1.0,0,0.0
spike_single,North America,T716I,0.0,0.0,1.0,0,0.0
spike_single,North America,T732A,0.0,0.0,1.0,0,0.0
spike_single,North America,T732S,0.0,0.0,1.0,0,0.0
spike_single,North America,T747I,0.0,0.0,1.0,0,0.0
spike_single,North America,T778I,0.0,0.0,1.0,0,0.0
spike_single,North America,T859I,0.0,0.0,1.0,0,0.0
spike_single,North America,T95I,0.0,0.0,1.0,0,0.0
spike_single,North America,V1104L,0.0,0.0,1.0,0,0.0
spike_single,North America,V1176F,0.0,0.0,1.0,0,0.0
spike_single,North America,V1228L,0.0,0.0,1.0,0,0.0
spike_single,North America,V1264L,0.0,0.0,1.0,0,0.0
spike_single,North America,V308L,0.0,0.0,1.0,0,0.0
spike_single,North America,V382L,0.0,0.0,1.0,0,0.0
spike_single,North America,V483A,,0.0,,3,0.010452961672473868
spike_single,North America,V90F,0.0,0.0,1.0,0,0.0
spike_single,North America,W152C,0.0,0.0,1.0,0,0.0
spike_single,North America,W152L,0.0,0.0,1.0,0,0.0
spike_single,North America,W258L,0.0,0.0,1.0,0,0.0
spike_single,North America,Y144-,,0.0,,1,0.003484320557491289
spike_single,Oceania,A1020V,0.0,0.0,1.0,0,0.0
spike_single,Oceania,A1078S,0.0,0.0,1.0,0,0.0
spike_single,Oceania,A222V,0.0,0.0,1.0,0,0.0
spike_single,Oceania,A522S,0.0,0.0,1.0,0,0.0
spike_single,Oceania,A522V,0.0,0.0,1.0,0,0.0
spike_single,Oceania,A688V,0.0,0.0,1.0,0,0.0
spike_single,Oceania,A845S,0.0,0.0,1.0,0,0.0
spike_single,Oceania,A930V,-0.0011551155115511553,-0.547722557505166,0.12687036692367107,7,0.017326732673267328
spike_single,Oceania,D138H,0.0,0.0,1.0,0,0.0
spike_single,Oceania,D178N,0.0,0.0,1.0,0,0.0
spike_single,Oceania,D215Y,0.0,0.0,1.0,0,0.0
spike_single,Oceania,D253G,0.0,0.0,1.0,0,0.0
spike_single,Oceania,D614G,-0.06534653465346535,-0.5477225575051661,0.12687036692367104,396,0.9801980198019802
spike_single,Oceania,D80Y,-0.00033003300330033004,-0.5477225575051662,0.12687036692367074,2,0.0049504950495049506
spike_single,Oceania,D936Y,0.0,0.0,1.0,0,0.0
spike_single,Oceania,E1144Q,-0.0009900990099009901,-0.5477225575051662,0.12687036692367074,6,0.01485148514851485
spike_single,Oceania,E1202Q,0.0,0.0,1.0,0,0.0
spike_single,Oceania,E583D,0.0,0.0,1.0,0,0.0
spike_single,Oceania,E780Q,0.0,0.0,1.0,0,0.0
spike_single,Oceania,G1124V,-0.00016501650165016502,-0.5477225575051662,0.12687036692367074,1,0.0024752475247524753
spike_single,Oceania,G769V,0.0,0.0,1.0,0,0.0
spike_single,Oceania,H1101Y,0.0,0.0,1.0,0,0.0
spike_single,Oceania,H146Y,0.0,0.0,1.0,0,0.0
spike_single,Oceania,H49Y,-0.00033003300330033004,-0.5477225575051662,0.12687036692367074,2,0.0049504950495049506
spike_single,Oceania,H655Y,0.0,0.0,1.0,0,0.0
spike_single,Oceania,H69Y,0.0,0.0,1.0,0,0.0
spike_single,Oceania,HV69-,0.0,0.0,1.0,0,0.0
spike_single,Oceania,K1073N,0.0,0.0,1.0,0,0.0
spike_single,Oceania,K1191N,0.0,0.0,1.0,0,0.0
spike_single,Oceania,L176F,0.0,0.0,1.0,0,0.0
spike_single,Oceania,L18F,0.0,0.0,1.0,0,0.0
spike_single,Oceania,L54F,0.0,0.0,1.0,0,0.0
spike_single,Oceania,L5F,0.0,0.0,1.0,0,0.0
spike_single,Oceania,L822F,0.0,0.0,1.0,0,0.0
spike_single,Oceania,M1229I,0.0,0.0,1.0,0,0.0
spike_single,Oceania,M1237I,0.0,0.0,1.0,0,0.0
spike_single,Oceania,M153I,0.0,0.0,1.0,0,0.0
spike_single,Oceania,M177I,0.0,0.0,1.0,0,0.0
spike_single,Oceania,N501Y,-0.00033003300330033004,-0.5477225575051662,0.12687036692367074,2,0.0049504950495049506
spike_single,Oceania,P1162S,0.0,0.0,1.0,0,0.0
spike_single,Oceania,P1263L,0.0,0.0,1.0,0,0.0
spike_single,Oceania,P681L,0.0,0.0,1.0,0,0.0
spike_single,Oceania,P809S,0.0,0.0,1.0,0,0.0
spike_single,Oceania,P812L,0.0,0.0,1.0,0,0.0
spike_single,Oceania,Q613H,0.0,0.0,1.0,0,0.0
spike_single,Oceania,Q675H,0.0,0.0,1.0,0,0.0
spike_single,Oceania,Q675R,0.0,0.0,1.0,0,0.0
spike_single,Oceania,Q677H,0.0,0.0,1.0,0,0.0
spike_single,Oceania,Reference,0.12106710671067106,0.6619561346161613,0.05210612149724844,20,1.0
spike_single,Oceania,S12F,0.0,0.0,1.0,0,0.0
spike_single,Oceania,S13I,0.0,0.0,1.0,0,0.0
spike_single,Oceania,S221L,0.0,0.0,1.0,0,0.0
spike_single,Oceania,S254F,-0.0004950495049504951,-0.5477225575051662,0.12687036692367074,3,0.007425742574257425
spike_single,Oceania,S477N,-0.05577557755775578,-0.5477225575051661,0.12687036692367104,338,0.8366336633663366
spike_single,Oceania,S494P,0.0,0.0,1.0,0,0.0
spike_single,Oceania,S640F,0.0,0.0,1.0,0,0.0
spike_single,Oceania,S698L,-0.0006600660066006601,-0.5477225575051662,0.12687036692367074,4,0.009900990099009901
spike_single,Oceania,S939F,0.0,0.0,1.0,0,0.0
spike_single,Oceania,S98F,0.0,0.0,1.0,0,0.0
spike_single,Oceania,T1117I,0.0,0.0,1.0,0,0.0
spike_single,Oceania,T20I,0.0,0.0,1.0,0,0.0
spike_single,Oceania,T22I,0.0,0.0,1.0,0,0.0
spike_single,Oceania,T29I,0.0,0.0,1.0,0,0.0
spike_single,Oceania,T307I,0.0,0.0,1.0,0,0.0
spike_single,Oceania,T572I,0.0,0.0,1.0,0,0.0
spike_single,Oceania,T632N,-0.0013201320132013201,-0.5477225575051662,0.12687036692367074,8,0.019801980198019802
spike_single,Oceania,T716I,0.0,0.0,1.0,0,0.0
spike_single,Oceania,T778I,-0.00016501650165016502,-0.5477225575051662,0.12687036692367074,1,0.0024752475247524753
spike_single,Oceania,T859I,0.0,0.0,1.0,0,0.0
spike_single,Oceania,T95I,0.0,0.0,1.0,0,0.0
spike_single,Oceania,V1228L,0.0,0.0,1.0,0,0.0
spike_single,Oceania,V1264L,0.0,0.0,1.0,0,0.0
spike_single,Oceania,V308L,0.0,0.0,1.0,0,0.0
spike_single,Oceania,V320I,-0.0011551155115511553,-0.547722557505166,0.12687036692367107,7,0.017326732673267328
spike_single,Oceania,V382L,0.0,0.0,1.0,0,0.0
spike_single,Oceania,W152L,0.0,0.0,1.0,0,0.0
spike_single,Oceania,W258L,0.0,0.0,1.0,0,0.0
spike_single,Oceania,Y144-,0.0,0.0,1.0,0,0.0
spike_single,South America,A1078S,0.0,0.0,1.0,0,0.0
spike_single,South America,D253G,0.0,0.0,1.0,0,0.0
spike_single,South America,D614G,0.0,0.0,1.0,0,0.0
spike_single,South America,H49Y,0.0,0.0,1.0,0,0.0
spike_single,South America,H69Y,0.0,0.0,1.0,0,0.0
spike_single,South America,K1191N,0.0,0.0,1.0,0,0.0
spike_single,South America,L18F,0.0,0.0,1.0,0,0.0
spike_single,South America,M1229I,0.0,0.0,1.0,0,0.0
spike_single,South America,M1237I,0.0,0.0,1.0,0,0.0
spike_single,South America,P812L,0.0,0.0,1.0,0,0.0
spike_single,South America,Reference,,0.0,,1,1.0
spike_single,South America,S939F,0.0,0.0,1.0,0,0.0
spike_single,South America,V1176F,0.0,0.0,1.0,0,0.0
spike_single,South America,V1228L,0.0,0.0,1.0,0,0.0
