Accession ID,gene,pos,ref,alt,subtype
FJ157343,G,9,N,T,A
FJ157343,G,15,A,P,A
FJ157343,G,43,V,I,A
FJ157343,G,76,P,L,A
FJ157343,G,86,S,N,A
FJ157343,G,106,P,F,A
FJ157343,G,109,P,L,A
FJ157343,G,111,E,G,A
FJ157343,G,112,I,T,A
FJ157343,G,116,I,S,A
FJ157343,G,126,G,S,A
FJ157343,G,127,V,A,A
FJ157343,G,128,K,E,A
FJ157343,G,131,L,P,A
FJ157343,G,138,T,I,A
FJ157343,G,146,T,I,A
FJ157343,G,161,P,Q,A
FJ157343,G,162,S,N,A
FJ157343,G,213,L,I,A
FJ157343,G,227,S,P,A
FJ157343,G,231,P,L,A
FJ157343,G,238,E,K,A
FJ157343,G,242,N,D,A
FJ157343,G,249,I,R,A
FJ157343,G,257,T,P,A
FJ157343,G,263,L,H,A
FJ157343,G,267,M,E,A
FJ157343,G,270,F,L,A
FJ157343,G,274,S,T,A
FJ157343,G,279,P,L,A
FJ157343,G,285,S,Y,A
FJ157343,G,291,P,L,A
FJ157343,G,294,P,S,A
FJ157343,G,295,S,P,A
FJ157343,G,297,P,S,A
FJ157343,G,298,P,S,A
FJ157344,G,15,A,P,A
FJ157344,G,19,E,R,A
FJ157344,G,32,S,P,A
FJ157344,G,43,V,I,A
FJ157344,G,45,Q,R,A
FJ157344,G,51,L,W,A
FJ157344,G,76,P,L,A
FJ157344,G,86,S,N,A
FJ157344,G,102,L,F,A
FJ157344,G,106,P,F,A
FJ157344,G,109,P,L,A
FJ157344,G,111,E,G,A
FJ157344,G,112,I,T,A
FJ157344,G,116,I,S,A
FJ157344,G,126,G,S,A
FJ157344,G,127,V,A,A
FJ157344,G,128,K,E,A
FJ157344,G,131,L,P,A
FJ157344,G,138,T,I,A
FJ157344,G,146,T,I,A
FJ157344,G,161,P,Q,A
FJ157344,G,162,S,N,A
FJ157344,G,213,L,I,A
FJ157344,G,227,S,P,A
FJ157344,G,231,P,L,A
FJ157344,G,238,E,K,A
FJ157344,G,242,N,D,A
FJ157344,G,249,I,R,A
FJ157344,G,263,L,H,A
FJ157344,G,267,M,K,A
FJ157344,G,270,F,L,A
FJ157344,G,274,S,T,A
FJ157344,G,279,P,L,A
FJ157344,G,285,S,Y,A
FJ157344,G,291,P,L,A
FJ157344,G,294,P,S,A
FJ157344,G,295,S,P,A
FJ157344,G,297,P,S,A
FJ157344,G,298,P,S,A
FJ157345,G,9,N,T,A
FJ157345,G,43,V,I,A
FJ157345,G,76,P,L,A
FJ157345,G,86,S,N,A
FJ157345,G,106,P,F,A
FJ157345,G,109,P,M,A
FJ157345,G,111,E,G,A
FJ157345,G,112,I,T,A
FJ157345,G,116,I,S,A
FJ157345,G,124,T,I,A
FJ157345,G,126,G,S,A
FJ157345,G,127,V,A,A
FJ157345,G,128,K,E,A
FJ157345,G,131,L,P,A
FJ157345,G,138,T,I,A
FJ157345,G,146,T,I,A
FJ157345,G,161,P,Q,A
FJ157345,G,162,S,N,A
FJ157345,G,213,L,I,A
FJ157345,G,227,S,P,A
FJ157345,G,231,P,L,A
FJ157345,G,235,P,L,A
FJ157345,G,238,E,K,A
FJ157345,G,242,N,D,A
FJ157345,G,249,I,R,A
FJ157345,G,263,L,H,A
FJ157345,G,267,M,E,A
FJ157345,G,270,F,L,A
FJ157345,G,274,S,T,A
FJ157345,G,279,P,L,A
FJ157345,G,285,S,Y,A
FJ157345,G,291,P,L,A
FJ157345,G,294,P,S,A
FJ157345,G,295,S,P,A
FJ157345,G,297,P,S,A
FJ157346,G,9,N,T,A
FJ157346,G,43,V,I,A
FJ157346,G,75,T,I,A
FJ157346,G,76,P,L,A
FJ157346,G,86,S,N,A
FJ157346,G,106,P,F,A
FJ157346,G,109,P,L,A
FJ157346,G,111,E,G,A
FJ157346,G,112,I,T,A
FJ157346,G,116,I,S,A
FJ157346,G,126,G,S,A
FJ157346,G,127,V,A,A
FJ157346,G,128,K,E,A
FJ157346,G,131,L,P,A
FJ157346,G,138,T,I,A
FJ157346,G,146,T,I,A
FJ157346,G,161,P,Q,A
FJ157346,G,162,S,N,A
FJ157346,G,213,L,I,A
FJ157346,G,215,T,A,A
FJ157346,G,227,S,P,A
FJ157346,G,231,P,L,A
FJ157346,G,238,E,K,A
FJ157346,G,242,N,D,A
FJ157346,G,249,I,R,A
FJ157346,G,263,L,H,A
FJ157346,G,267,M,E,A
FJ157346,G,270,F,L,A
FJ157346,G,274,S,T,A
FJ157346,G,279,P,L,A
FJ157346,G,285,S,Y,A
FJ157346,G,291,P,L,A
FJ157346,G,294,P,S,A
FJ157346,G,295,S,P,A
FJ157346,G,297,P,S,A
FJ157346,G,298,P,S,A
FJ157347,G,9,N,T,A
FJ157347,G,43,V,I,A
FJ157347,G,76,P,L,A
FJ157347,G,86,S,N,A
FJ157347,G,106,P,F,A
FJ157347,G,109,P,M,A
FJ157347,G,111,E,G,A
FJ157347,G,112,I,T,A
FJ157347,G,116,I,S,A
FJ157347,G,124,T,I,A
FJ157347,G,126,G,S,A
FJ157347,G,127,V,A,A
FJ157347,G,128,K,E,A
FJ157347,G,131,L,P,A
FJ157347,G,138,T,I,A
FJ157347,G,146,T,I,A
FJ157347,G,161,P,Q,A
FJ157347,G,162,S,N,A
FJ157347,G,213,L,I,A
FJ157347,G,227,S,P,A
FJ157347,G,231,P,L,A
FJ157347,G,235,P,L,A
FJ157347,G,238,E,K,A
FJ157347,G,242,N,D,A
FJ157347,G,249,I,R,A
FJ157347,G,263,L,H,A
FJ157347,G,267,M,E,A
FJ157347,G,270,F,L,A
FJ157347,G,274,S,T,A
FJ157347,G,279,P,L,A
FJ157347,G,285,S,Y,A
FJ157347,G,291,P,L,A
FJ157347,G,294,P,S,A
FJ157347,G,295,S,P,A
FJ157347,G,297,P,S,A
FJ157348,G,9,N,T,A
FJ157348,G,43,V,I,A
FJ157348,G,76,P,L,A
FJ157348,G,86,S,N,A
FJ157348,G,106,P,F,A
FJ157348,G,109,P,L,A
FJ157348,G,111,E,G,A
FJ157348,G,112,I,T,A
FJ157348,G,116,I,S,A
FJ157348,G,120,L,P,A
FJ157348,G,126,G,S,A
FJ157348,G,127,V,A,A
FJ157348,G,128,K,E,A
FJ157348,G,131,L,P,A
FJ157348,G,138,T,I,A
FJ157348,G,146,T,I,A
FJ157348,G,147,Q,L,A
FJ157348,G,161,P,Q,A
FJ157348,G,162,S,N,A
FJ157348,G,227,S,P,A
FJ157348,G,231,P,L,A
FJ157348,G,238,E,K,A
FJ157348,G,242,N,D,A
FJ157348,G,249,I,R,A
FJ157348,G,263,L,H,A
FJ157348,G,267,M,E,A
FJ157348,G,270,F,L,A
FJ157348,G,274,S,T,A
FJ157348,G,279,P,L,A
FJ157348,G,285,S,Y,A
FJ157348,G,291,P,L,A
FJ157348,G,294,P,S,A
FJ157348,G,295,S,P,A
FJ157348,G,297,P,S,A
FJ157348,G,298,P,S,A
