Accession ID,protein,pos,ref,alt
LR882086,nsp1,110,H,Y
LR882094,nsp1,87,E,D
LR882205,nsp1,86,V,F
LR882388,nsp1,175,R,C
LR882409,nsp1,85,M,I
LR882455,nsp1,110,H,Y
LR882462,nsp1,174,M,I
LR882081,nsp2,211,S,F
LR882085,nsp2,211,S,F
LR882086,nsp2,85,T,I
LR882096,nsp2,379,V,M
LR882098,nsp2,85,T,I
LR882104,nsp2,186,V,I
LR882134,nsp2,85,T,I
LR882135,nsp2,211,S,F
LR882153,nsp2,589,P,S
LR882156,nsp2,85,T,I
LR882158,nsp2,212,G,C
LR882165,nsp2,85,T,I
LR882172,nsp2,215,T,I
LR882173,nsp2,215,T,I
LR882187,nsp2,85,T,I
LR882200,nsp2,211,S,F
LR882206,nsp2,12,G,S
LR882207,nsp2,589,P,S
LR882211,nsp2,623,A,S
LR882218,nsp2,437,F,L
LR882228,nsp2,85,T,I
LR882232,nsp2,625,N,S
LR882248,nsp2,589,P,S
LR882249,nsp2,378,S,F
LR882263,nsp2,85,T,I
LR882265,nsp2,618,K,N
LR882267,nsp2,618,K,N
LR882278,nsp2,222,R,C
LR882280,nsp2,85,T,I
LR882281,nsp2,107,R,S
LR882300,nsp2,85,T,I
LR882303,nsp2,179,Y,H
LR882303,nsp2,318,A,V
LR882308,nsp2,4,R,C
LR882317,nsp2,618,K,N
LR882324,nsp2,589,P,S
LR882331,nsp2,618,K,N
LR882341,nsp2,68,S,I
LR882341,nsp2,589,P,S
LR882342,nsp2,4,R,C
LR882344,nsp2,375,A,V
LR882344,nsp2,625,N,S
LR882349,nsp2,85,T,I
LR882354,nsp2,378,S,F
LR882355,nsp2,578,L,V
LR882357,nsp2,4,R,C
LR882360,nsp2,618,K,N
LR882368,nsp2,85,T,I
LR882369,nsp2,68,S,I
LR882369,nsp2,589,P,S
LR882370,nsp2,85,T,I
LR882383,nsp2,339,G,S
LR882387,nsp2,13,P,S
LR882387,nsp2,185,V,A
LR882396,nsp2,625,N,S
LR882398,nsp2,85,T,I
LR882406,nsp2,85,T,I
LR882418,nsp2,13,P,S
LR882418,nsp2,185,V,A
LR882419,nsp2,85,T,I
LR882422,nsp2,103,T,I
LR882432,nsp2,85,T,I
LR882435,nsp2,85,T,I
LR882437,nsp2,85,T,I
LR882441,nsp2,85,T,I
LR882445,nsp2,85,T,I
LR882455,nsp2,85,T,I
LR882461,nsp2,168,N,S
LR882470,nsp2,220,G,D
LR882473,nsp2,297,L,F
LR882474,nsp2,211,S,F
LR882476,nsp2,13,P,S
LR882476,nsp2,185,V,A
LR882477,nsp2,211,S,F
LR882479,nsp2,85,T,I
LR882481,nsp2,458,G,C
LR882488,nsp2,211,S,F
LR882491,nsp2,85,T,I
LR882086,nsp3 - PL2-PRO,127,T,I
LR882086,nsp3 - PL2-PRO,749,T,I
LR882094,nsp3 - PL2-PRO,85,A,V
LR882097,nsp3 - PL2-PRO,1683,I,T
LR882098,nsp3 - PL2-PRO,127,T,I
LR882098,nsp3 - PL2-PRO,749,T,I
LR882099,nsp3 - PL2-PRO,126,S,L
LR882099,nsp3 - PL2-PRO,428,T,I
LR882101,nsp3 - PL2-PRO,340,P,L
LR882106,nsp3 - PL2-PRO,1683,I,T
LR882110,nsp3 - PL2-PRO,779,T,I
LR882111,nsp3 - PL2-PRO,180,Q,H
LR882111,nsp3 - PL2-PRO,1683,I,T
LR882112,nsp3 - PL2-PRO,779,T,I
LR882113,nsp3 - PL2-PRO,340,P,L
LR882114,nsp3 - PL2-PRO,196,M,L
LR882115,nsp3 - PL2-PRO,340,P,L
LR882116,nsp3 - PL2-PRO,428,T,I
LR882116,nsp3 - PL2-PRO,1004,T,I
LR882117,nsp3 - PL2-PRO,822,P,S
LR882120,nsp3 - PL2-PRO,1683,I,T
LR882128,nsp3 - PL2-PRO,1211,K,N
LR882129,nsp3 - PL2-PRO,392,E,K
LR882132,nsp3 - PL2-PRO,196,M,L
LR882134,nsp3 - PL2-PRO,127,T,I
LR882134,nsp3 - PL2-PRO,749,T,I
LR882139,nsp3 - PL2-PRO,1121,D,N
LR882143,nsp3 - PL2-PRO,1121,D,N
LR882144,nsp3 - PL2-PRO,1121,D,N
LR882146,nsp3 - PL2-PRO,1211,K,N
LR882148,nsp3 - PL2-PRO,196,M,L
LR882149,nsp3 - PL2-PRO,1121,D,N
LR882150,nsp3 - PL2-PRO,1101,P,L
LR882151,nsp3 - PL2-PRO,1675,S,G
LR882153,nsp3 - PL2-PRO,1287,L,F
LR882154,nsp3 - PL2-PRO,428,T,I
LR882156,nsp3 - PL2-PRO,127,T,I
LR882156,nsp3 - PL2-PRO,749,T,I
LR882159,nsp3 - PL2-PRO,1683,I,T
LR882162,nsp3 - PL2-PRO,423,T,I
LR882163,nsp3 - PL2-PRO,340,P,L
LR882165,nsp3 - PL2-PRO,749,T,I
LR882167,nsp3 - PL2-PRO,1023,S,F
LR882169,nsp3 - PL2-PRO,428,T,I
LR882170,nsp3 - PL2-PRO,340,P,L
LR882174,nsp3 - PL2-PRO,340,P,L
LR882175,nsp3 - PL2-PRO,428,T,I
LR882177,nsp3 - PL2-PRO,340,P,L
LR882180,nsp3 - PL2-PRO,340,P,L
LR882181,nsp3 - PL2-PRO,428,T,I
LR882183,nsp3 - PL2-PRO,1039,S,P
LR882186,nsp3 - PL2-PRO,340,P,L
LR882187,nsp3 - PL2-PRO,127,T,I
LR882187,nsp3 - PL2-PRO,749,T,I
LR882190,nsp3 - PL2-PRO,428,T,I
LR882192,nsp3 - PL2-PRO,428,T,I
LR882194,nsp3 - PL2-PRO,1788,M,T
LR882195,nsp3 - PL2-PRO,1305,A,V
LR882198,nsp3 - PL2-PRO,340,P,L
LR882199,nsp3 - PL2-PRO,428,T,I
LR882204,nsp3 - PL2-PRO,1283,D,Y
LR882205,nsp3 - PL2-PRO,1397,F,Y
LR882205,nsp3 - PL2-PRO,1601,T,I
LR882207,nsp3 - PL2-PRO,1287,L,F
LR882211,nsp3 - PL2-PRO,428,T,I
LR882212,nsp3 - PL2-PRO,126,S,P
LR882214,nsp3 - PL2-PRO,340,P,L
LR882217,nsp3 - PL2-PRO,340,P,L
LR882221,nsp3 - PL2-PRO,428,T,I
LR882222,nsp3 - PL2-PRO,340,P,L
LR882223,nsp3 - PL2-PRO,1788,M,T
LR882224,nsp3 - PL2-PRO,428,T,I
LR882225,nsp3 - PL2-PRO,340,P,L
LR882226,nsp3 - PL2-PRO,340,P,L
LR882228,nsp3 - PL2-PRO,127,T,I
LR882228,nsp3 - PL2-PRO,749,T,I
LR882230,nsp3 - PL2-PRO,1283,D,Y
LR882235,nsp3 - PL2-PRO,1610,N,S
LR882236,nsp3 - PL2-PRO,428,T,I
LR882237,nsp3 - PL2-PRO,340,P,L
LR882240,nsp3 - PL2-PRO,126,S,L
LR882240,nsp3 - PL2-PRO,181,T,I
LR882241,nsp3 - PL2-PRO,340,P,L
LR882242,nsp3 - PL2-PRO,340,P,L
LR882243,nsp3 - PL2-PRO,340,P,L
LR882244,nsp3 - PL2-PRO,1386,K,N
LR882244,nsp3 - PL2-PRO,1788,M,T
LR882246,nsp3 - PL2-PRO,340,P,L
LR882247,nsp3 - PL2-PRO,157,Q,P
LR882247,nsp3 - PL2-PRO,579,A,V
LR882248,nsp3 - PL2-PRO,1287,L,F
LR882250,nsp3 - PL2-PRO,1788,M,T
LR882251,nsp3 - PL2-PRO,340,P,L
LR882252,nsp3 - PL2-PRO,340,P,L
LR882253,nsp3 - PL2-PRO,340,P,L
LR882255,nsp3 - PL2-PRO,340,P,L
LR882256,nsp3 - PL2-PRO,1788,M,T
LR882258,nsp3 - PL2-PRO,767,D,N
LR882260,nsp3 - PL2-PRO,1023,S,F
LR882261,nsp3 - PL2-PRO,1386,K,N
LR882261,nsp3 - PL2-PRO,1788,M,T
LR882262,nsp3 - PL2-PRO,1386,K,N
LR882262,nsp3 - PL2-PRO,1788,M,T
LR882263,nsp3 - PL2-PRO,127,T,I
LR882263,nsp3 - PL2-PRO,749,T,I
LR882266,nsp3 - PL2-PRO,1679,K,N
LR882266,nsp3 - PL2-PRO,1685,L,F
LR882268,nsp3 - PL2-PRO,126,S,P
LR882270,nsp3 - PL2-PRO,1788,M,T
LR882277,nsp3 - PL2-PRO,340,P,L
LR882280,nsp3 - PL2-PRO,127,T,I
LR882280,nsp3 - PL2-PRO,749,T,I
LR882285,nsp3 - PL2-PRO,1788,M,T
LR882287,nsp3 - PL2-PRO,340,P,L
LR882288,nsp3 - PL2-PRO,1211,K,N
LR882290,nsp3 - PL2-PRO,340,P,L
LR882297,nsp3 - PL2-PRO,423,T,I
LR882298,nsp3 - PL2-PRO,729,D,Y
LR882300,nsp3 - PL2-PRO,127,T,I
LR882300,nsp3 - PL2-PRO,749,T,I
LR882302,nsp3 - PL2-PRO,1683,I,T
LR882303,nsp3 - PL2-PRO,1183,A,V
LR882303,nsp3 - PL2-PRO,1307,H,Y
LR882304,nsp3 - PL2-PRO,218,D,E
LR882305,nsp3 - PL2-PRO,126,S,P
LR882306,nsp3 - PL2-PRO,428,T,I
LR882307,nsp3 - PL2-PRO,1683,I,T
LR882309,nsp3 - PL2-PRO,428,T,I
LR882311,nsp3 - PL2-PRO,340,P,L
LR882315,nsp3 - PL2-PRO,1788,M,T
LR882320,nsp3 - PL2-PRO,1683,I,T
LR882322,nsp3 - PL2-PRO,1683,I,T
LR882323,nsp3 - PL2-PRO,174,D,N
LR882324,nsp3 - PL2-PRO,1287,L,F
LR882326,nsp3 - PL2-PRO,340,P,L
LR882327,nsp3 - PL2-PRO,340,P,L
LR882328,nsp3 - PL2-PRO,340,P,L
LR882334,nsp3 - PL2-PRO,1683,I,T
LR882335,nsp3 - PL2-PRO,340,P,L
LR882336,nsp3 - PL2-PRO,340,P,L
LR882338,nsp3 - PL2-PRO,678,T,I
LR882339,nsp3 - PL2-PRO,340,P,L
LR882340,nsp3 - PL2-PRO,340,P,L
LR882341,nsp3 - PL2-PRO,1287,L,F
LR882343,nsp3 - PL2-PRO,1189,T,I
LR882346,nsp3 - PL2-PRO,678,T,I
LR882351,nsp3 - PL2-PRO,340,P,L
LR882352,nsp3 - PL2-PRO,340,P,L
LR882353,nsp3 - PL2-PRO,340,P,L
LR882355,nsp3 - PL2-PRO,1285,S,F
LR882356,nsp3 - PL2-PRO,340,P,L
LR882358,nsp3 - PL2-PRO,340,P,L
LR882361,nsp3 - PL2-PRO,126,S,P
LR882362,nsp3 - PL2-PRO,1884,Q,H
LR882363,nsp3 - PL2-PRO,340,P,L
LR882366,nsp3 - PL2-PRO,945,K,N
LR882366,nsp3 - PL2-PRO,1502,A,V
LR882368,nsp3 - PL2-PRO,127,T,I
LR882368,nsp3 - PL2-PRO,749,T,I
LR882368,nsp3 - PL2-PRO,1104,N,S
LR882369,nsp3 - PL2-PRO,1287,L,F
LR882370,nsp3 - PL2-PRO,127,T,I
LR882370,nsp3 - PL2-PRO,749,T,I
LR882370,nsp3 - PL2-PRO,1103,P,L
LR882371,nsp3 - PL2-PRO,340,P,L
LR882380,nsp3 - PL2-PRO,720,T,I
LR882382,nsp3 - PL2-PRO,837,K,N
LR882383,nsp3 - PL2-PRO,1026,T,I
LR882385,nsp3 - PL2-PRO,870,L,V
LR882386,nsp3 - PL2-PRO,1683,I,T
LR882398,nsp3 - PL2-PRO,127,T,I
LR882405,nsp3 - PL2-PRO,340,P,L
LR882406,nsp3 - PL2-PRO,127,T,I
LR882406,nsp3 - PL2-PRO,749,T,I
LR882412,nsp3 - PL2-PRO,1884,Q,H
LR882416,nsp3 - PL2-PRO,1683,I,T
LR882417,nsp3 - PL2-PRO,1683,I,T
LR882419,nsp3 - PL2-PRO,127,T,I
LR882419,nsp3 - PL2-PRO,749,T,I
LR882432,nsp3 - PL2-PRO,127,T,I
LR882432,nsp3 - PL2-PRO,177,E,D
LR882432,nsp3 - PL2-PRO,749,T,I
LR882435,nsp3 - PL2-PRO,127,T,I
LR882435,nsp3 - PL2-PRO,749,T,I
LR882436,nsp3 - PL2-PRO,340,P,L
LR882437,nsp3 - PL2-PRO,127,T,I
LR882437,nsp3 - PL2-PRO,749,T,I
LR882439,nsp3 - PL2-PRO,1211,K,N
LR882441,nsp3 - PL2-PRO,127,T,I
LR882441,nsp3 - PL2-PRO,749,T,I
LR882445,nsp3 - PL2-PRO,127,T,I
LR882445,nsp3 - PL2-PRO,749,T,I
LR882447,nsp3 - PL2-PRO,1121,D,N
LR882449,nsp3 - PL2-PRO,340,P,L
LR882452,nsp3 - PL2-PRO,340,P,L
LR882453,nsp3 - PL2-PRO,1884,Q,H
LR882455,nsp3 - PL2-PRO,127,T,I
LR882455,nsp3 - PL2-PRO,749,T,I
LR882459,nsp3 - PL2-PRO,1482,T,I
LR882459,nsp3 - PL2-PRO,1842,Q,R
LR882459,nsp3 - PL2-PRO,1897,V,I
LR882466,nsp3 - PL2-PRO,340,P,L
LR882468,nsp3 - PL2-PRO,340,P,L
LR882470,nsp3 - PL2-PRO,1683,I,T
LR882471,nsp3 - PL2-PRO,174,D,N
LR882479,nsp3 - PL2-PRO,127,T,I
LR882479,nsp3 - PL2-PRO,749,T,I
LR882480,nsp3 - PL2-PRO,1683,I,T
LR882482,nsp3 - PL2-PRO,1121,D,N
LR882487,nsp3 - PL2-PRO,1121,D,N
LR882491,nsp3 - PL2-PRO,127,T,I
LR882491,nsp3 - PL2-PRO,749,T,I
MW041156,nsp3 - PL2-PRO,1410,N,T
MW042923,nsp3 - PL2-PRO,335,I,V
LR882084,nsp4,324,M,I
LR882088,nsp4,324,M,I
LR882091,nsp4,324,M,I
LR882092,nsp4,324,M,I
LR882093,nsp4,324,M,I
LR882096,nsp4,324,M,I
LR882098,nsp4,231,A,V
LR882102,nsp4,324,M,I
LR882104,nsp4,324,M,I
LR882107,nsp4,324,M,I
LR882118,nsp4,324,M,I
LR882119,nsp4,324,M,I
LR882123,nsp4,324,M,I
LR882125,nsp4,324,M,I
LR882134,nsp4,231,A,V
LR882137,nsp4,324,M,I
LR882142,nsp4,380,A,V
LR882142,nsp4,403,V,F
LR882156,nsp4,231,A,V
LR882160,nsp4,324,M,I
LR882187,nsp4,231,A,V
LR882191,nsp4,127,S,N
LR882218,nsp4,279,D,N
LR882228,nsp4,231,A,V
LR882237,nsp4,22,A,V
LR882259,nsp4,254,V,F
LR882259,nsp4,438,L,F
LR882263,nsp4,231,A,V
LR882280,nsp4,231,A,V
LR882289,nsp4,439,T,M
LR882292,nsp4,295,T,I
LR882295,nsp4,439,T,M
LR882298,nsp4,455,S,N
LR882300,nsp4,231,A,V
LR882351,nsp4,22,A,V
LR882363,nsp4,22,A,V
LR882368,nsp4,231,A,V
LR882370,nsp4,231,A,V
LR882381,nsp4,324,M,I
LR882395,nsp4,324,M,I
LR882398,nsp4,231,A,V
LR882401,nsp4,324,M,I
LR882402,nsp4,324,M,I
LR882403,nsp4,324,M,I
LR882404,nsp4,324,M,I
LR882406,nsp4,231,A,V
LR882408,nsp4,324,M,I
LR882415,nsp4,324,M,I
LR882419,nsp4,231,A,V
LR882421,nsp4,324,M,I
LR882422,nsp4,324,M,I
LR882423,nsp4,324,M,I
LR882424,nsp4,324,M,I
LR882432,nsp4,231,A,V
LR882434,nsp4,324,M,I
LR882435,nsp4,231,A,V
LR882437,nsp4,231,A,V
LR882441,nsp4,231,A,V
LR882445,nsp4,231,A,V
LR882450,nsp4,324,M,I
LR882451,nsp4,324,M,I
LR882456,nsp4,324,M,I
LR882457,nsp4,324,M,I
LR882458,nsp4,324,M,I
LR882467,nsp4,324,M,I
LR882472,nsp4,324,M,I
LR882479,nsp4,231,A,V
LR882484,nsp4,324,M,I
LR882486,nsp4,324,M,I
LR882491,nsp4,231,A,V
LR882083,nsp5 - 3CLp,169,T,I
LR882086,nsp5 - 3CLp,83,Q,K
LR882086,nsp5 - 3CLp,212,V,F
LR882098,nsp5 - 3CLp,83,Q,K
LR882098,nsp5 - 3CLp,212,V,F
LR882100,nsp5 - 3CLp,71,G,S
LR882105,nsp5 - 3CLp,169,T,I
LR882126,nsp5 - 3CLp,71,G,S
LR882127,nsp5 - 3CLp,71,G,S
LR882134,nsp5 - 3CLp,83,Q,K
LR882134,nsp5 - 3CLp,212,V,F
LR882139,nsp5 - 3CLp,71,G,S
LR882143,nsp5 - 3CLp,71,G,S
LR882144,nsp5 - 3CLp,71,G,S
LR882149,nsp5 - 3CLp,71,G,S
LR882152,nsp5 - 3CLp,71,G,S
LR882153,nsp5 - 3CLp,193,A,T
LR882155,nsp5 - 3CLp,71,G,S
LR882156,nsp5 - 3CLp,83,Q,K
LR882161,nsp5 - 3CLp,71,G,S
LR882165,nsp5 - 3CLp,83,Q,K
LR882165,nsp5 - 3CLp,212,V,F
LR882167,nsp5 - 3CLp,71,G,S
LR882172,nsp5 - 3CLp,71,G,S
LR882173,nsp5 - 3CLp,71,G,S
LR882183,nsp5 - 3CLp,71,G,S
LR882185,nsp5 - 3CLp,71,G,S
LR882187,nsp5 - 3CLp,83,Q,K
LR882187,nsp5 - 3CLp,212,V,F
LR882188,nsp5 - 3CLp,260,A,V
LR882189,nsp5 - 3CLp,71,G,S
LR882191,nsp5 - 3CLp,89,L,F
LR882193,nsp5 - 3CLp,71,G,S
LR882197,nsp5 - 3CLp,260,A,V
LR882204,nsp5 - 3CLp,71,G,S
LR882207,nsp5 - 3CLp,193,A,T
LR882210,nsp5 - 3CLp,260,A,V
LR882212,nsp5 - 3CLp,71,G,S
LR882227,nsp5 - 3CLp,71,G,S
LR882228,nsp5 - 3CLp,83,Q,K
LR882228,nsp5 - 3CLp,212,V,F
LR882230,nsp5 - 3CLp,71,G,S
LR882233,nsp5 - 3CLp,71,G,S
LR882234,nsp5 - 3CLp,71,G,S
LR882248,nsp5 - 3CLp,193,A,T
LR882254,nsp5 - 3CLp,260,A,V
LR882257,nsp5 - 3CLp,260,A,V
LR882263,nsp5 - 3CLp,83,Q,K
LR882263,nsp5 - 3CLp,212,V,F
LR882264,nsp5 - 3CLp,260,A,V
LR882266,nsp5 - 3CLp,82,M,I
LR882268,nsp5 - 3CLp,71,G,S
LR882272,nsp5 - 3CLp,260,A,V
LR882275,nsp5 - 3CLp,71,G,S
LR882279,nsp5 - 3CLp,71,G,S
LR882280,nsp5 - 3CLp,83,Q,K
LR882280,nsp5 - 3CLp,212,V,F
LR882281,nsp5 - 3CLp,260,A,V
LR882283,nsp5 - 3CLp,71,G,S
LR882286,nsp5 - 3CLp,71,G,S
LR882300,nsp5 - 3CLp,83,Q,K
LR882300,nsp5 - 3CLp,212,V,F
LR882303,nsp5 - 3CLp,71,G,S
LR882305,nsp5 - 3CLp,71,G,S
LR882316,nsp5 - 3CLp,71,G,S
LR882318,nsp5 - 3CLp,260,A,V
LR882319,nsp5 - 3CLp,260,A,V
LR882321,nsp5 - 3CLp,260,A,V
LR882324,nsp5 - 3CLp,193,A,T
LR882329,nsp5 - 3CLp,71,G,S
LR882330,nsp5 - 3CLp,71,G,S
LR882337,nsp5 - 3CLp,260,A,V
LR882341,nsp5 - 3CLp,193,A,T
LR882361,nsp5 - 3CLp,71,G,S
LR882364,nsp5 - 3CLp,71,G,S
LR882368,nsp5 - 3CLp,83,Q,K
LR882368,nsp5 - 3CLp,212,V,F
LR882369,nsp5 - 3CLp,193,A,T
LR882370,nsp5 - 3CLp,212,V,F
LR882385,nsp5 - 3CLp,71,G,S
LR882388,nsp5 - 3CLp,71,G,S
LR882389,nsp5 - 3CLp,71,G,S
LR882398,nsp5 - 3CLp,212,V,F
LR882406,nsp5 - 3CLp,83,Q,K
LR882406,nsp5 - 3CLp,212,V,F
LR882419,nsp5 - 3CLp,83,Q,K
LR882419,nsp5 - 3CLp,212,V,F
LR882432,nsp5 - 3CLp,83,Q,K
LR882432,nsp5 - 3CLp,212,V,F
LR882435,nsp5 - 3CLp,83,Q,K
LR882435,nsp5 - 3CLp,212,V,F
LR882437,nsp5 - 3CLp,83,Q,K
LR882437,nsp5 - 3CLp,212,V,F
LR882441,nsp5 - 3CLp,83,Q,K
LR882441,nsp5 - 3CLp,212,V,F
LR882445,nsp5 - 3CLp,83,Q,K
LR882445,nsp5 - 3CLp,212,V,F
LR882447,nsp5 - 3CLp,71,G,S
LR882455,nsp5 - 3CLp,83,Q,K
LR882455,nsp5 - 3CLp,212,V,F
LR882479,nsp5 - 3CLp,83,Q,K
LR882479,nsp5 - 3CLp,212,V,F
LR882482,nsp5 - 3CLp,71,G,S
LR882491,nsp5 - 3CLp,83,Q,K
LR882491,nsp5 - 3CLp,212,V,F
MW042925,nsp5 - 3CLp,108,P,S
LR882081,nsp6,183,M,I
LR882126,nsp6,37,L,F
LR882127,nsp6,37,L,F
LR882130,nsp6,190,V,F
LR882171,nsp6,149,V,F
LR882171,nsp6,183,M,I
LR882184,nsp6,37,L,F
LR882207,nsp6,37,L,F
LR882249,nsp6,37,L,F
LR882259,nsp6,167,L,F
LR882266,nsp6,54,A,S
LR882269,nsp6,37,L,F
LR882271,nsp6,37,L,F
LR882292,nsp6,37,L,F
LR882325,nsp6,37,L,F
LR882332,nsp6,37,L,F
LR882350,nsp6,37,L,F
LR882354,nsp6,37,L,F
LR882387,nsp6,37,L,F
LR882387,nsp6,46,A,V
LR882388,nsp6,37,L,F
LR882389,nsp6,37,L,F
LR882392,nsp6,37,L,F
LR882418,nsp6,37,L,F
LR882418,nsp6,46,A,V
LR882440,nsp6,37,L,F
LR882473,nsp6,37,L,F
LR882476,nsp6,37,L,F
LR882476,nsp6,46,A,V
MW041156,nsp6,37,L,F
MW042923,nsp6,149,V,F
LR882086,nsp7,3,M,I
LR882098,nsp7,3,M,I
LR882134,nsp7,3,M,I
LR882156,nsp7,3,M,I
LR882165,nsp7,3,M,I
LR882187,nsp7,3,M,I
LR882228,nsp7,3,M,I
LR882263,nsp7,3,M,I
LR882280,nsp7,3,M,I
LR882300,nsp7,3,M,I
LR882368,nsp7,3,M,I
LR882406,nsp7,3,M,I
LR882419,nsp7,3,M,I
LR882432,nsp7,3,M,I
LR882435,nsp7,3,M,I
LR882437,nsp7,3,M,I
LR882441,nsp7,3,M,I
LR882445,nsp7,3,M,I
LR882455,nsp7,3,M,I
LR882479,nsp7,3,M,I
LR882491,nsp7,3,M,I
LR882199,nsp8,28,N,S
LR882355,nsp8,34,V,F
LR882459,nsp8,34,V,F
LR882083,nsp9,25,D,G
LR882097,nsp9,101,M,I
LR882105,nsp9,25,D,G
LR882106,nsp9,101,M,I
LR882111,nsp9,101,M,I
LR882120,nsp9,101,M,I
LR882158,nsp9,64,T,A
LR882159,nsp9,101,M,I
LR882164,nsp9,25,D,G
LR882206,nsp9,25,D,G
LR882229,nsp9,25,D,G
LR882232,nsp9,25,D,G
LR882274,nsp9,25,D,G
LR882289,nsp9,25,D,G
LR882295,nsp9,25,D,G
LR882298,nsp9,25,D,G
LR882301,nsp9,42,L,F
LR882302,nsp9,101,M,I
LR882307,nsp9,101,M,I
LR882320,nsp9,101,M,I
LR882322,nsp9,101,M,I
LR882334,nsp9,101,M,I
LR882338,nsp9,25,D,G
LR882344,nsp9,25,D,G
LR882345,nsp9,25,D,G
LR882346,nsp9,25,D,G
LR882386,nsp9,101,M,I
LR882409,nsp9,25,D,G
LR882448,nsp9,25,D,G
LR882480,nsp9,101,M,I
LR882213,nsp10 - CysHis,136,P,S
LR882286,nsp10 - CysHis,136,P,S
LR882338,nsp11,3,D,G
LR882346,nsp11,3,D,G
LR882338,nsp12 - RdRp,3,D,G
LR882346,nsp12 - RdRp,3,D,G
LR882081,nsp12 - RdRp,323,P,L
LR882082,nsp12 - RdRp,323,P,L
LR882083,nsp12 - RdRp,323,P,L
LR882084,nsp12 - RdRp,185,A,S
LR882084,nsp12 - RdRp,323,P,L
LR882084,nsp12 - RdRp,776,V,L
LR882085,nsp12 - RdRp,323,P,L
LR882086,nsp12 - RdRp,264,P,T
LR882086,nsp12 - RdRp,323,P,L
LR882087,nsp12 - RdRp,323,P,L
LR882088,nsp12 - RdRp,185,A,S
LR882088,nsp12 - RdRp,323,P,L
LR882088,nsp12 - RdRp,776,V,L
LR882089,nsp12 - RdRp,323,P,L
LR882089,nsp12 - RdRp,870,T,I
LR882090,nsp12 - RdRp,323,P,L
LR882091,nsp12 - RdRp,185,A,S
LR882091,nsp12 - RdRp,323,P,L
LR882091,nsp12 - RdRp,776,V,L
LR882092,nsp12 - RdRp,185,A,S
LR882092,nsp12 - RdRp,323,P,L
LR882092,nsp12 - RdRp,776,V,L
LR882093,nsp12 - RdRp,185,A,S
LR882093,nsp12 - RdRp,323,P,L
LR882093,nsp12 - RdRp,776,V,L
LR882094,nsp12 - RdRp,323,P,L
LR882095,nsp12 - RdRp,323,P,L
LR882096,nsp12 - RdRp,185,A,S
LR882096,nsp12 - RdRp,323,P,L
LR882096,nsp12 - RdRp,776,V,L
LR882097,nsp12 - RdRp,323,P,L
LR882097,nsp12 - RdRp,720,V,I
LR882098,nsp12 - RdRp,264,P,T
LR882098,nsp12 - RdRp,323,P,L
LR882099,nsp12 - RdRp,323,P,L
LR882100,nsp12 - RdRp,323,P,L
LR882101,nsp12 - RdRp,323,P,L
LR882102,nsp12 - RdRp,185,A,S
LR882102,nsp12 - RdRp,323,P,L
LR882102,nsp12 - RdRp,776,V,L
LR882103,nsp12 - RdRp,323,P,L
LR882104,nsp12 - RdRp,185,A,S
LR882104,nsp12 - RdRp,323,P,L
LR882104,nsp12 - RdRp,776,V,L
LR882105,nsp12 - RdRp,323,P,L
LR882106,nsp12 - RdRp,323,P,L
LR882106,nsp12 - RdRp,720,V,I
LR882107,nsp12 - RdRp,185,A,S
LR882107,nsp12 - RdRp,323,P,L
LR882107,nsp12 - RdRp,776,V,L
LR882108,nsp12 - RdRp,26,T,I
LR882108,nsp12 - RdRp,323,P,L
LR882109,nsp12 - RdRp,323,P,L
LR882110,nsp12 - RdRp,323,P,L
LR882111,nsp12 - RdRp,323,P,L
LR882111,nsp12 - RdRp,720,V,I
LR882112,nsp12 - RdRp,323,P,L
LR882113,nsp12 - RdRp,323,P,L
LR882114,nsp12 - RdRp,323,P,L
LR882115,nsp12 - RdRp,323,P,L
LR882116,nsp12 - RdRp,323,P,L
LR882117,nsp12 - RdRp,256,H,Y
LR882117,nsp12 - RdRp,323,P,L
LR882117,nsp12 - RdRp,400,A,S
LR882118,nsp12 - RdRp,185,A,S
LR882118,nsp12 - RdRp,323,P,L
LR882118,nsp12 - RdRp,776,V,L
LR882119,nsp12 - RdRp,185,A,S
LR882119,nsp12 - RdRp,323,P,L
LR882119,nsp12 - RdRp,776,V,L
LR882120,nsp12 - RdRp,323,P,L
LR882120,nsp12 - RdRp,720,V,I
LR882121,nsp12 - RdRp,323,P,L
LR882122,nsp12 - RdRp,323,P,L
LR882123,nsp12 - RdRp,185,A,S
LR882123,nsp12 - RdRp,323,P,L
LR882123,nsp12 - RdRp,776,V,L
LR882124,nsp12 - RdRp,323,P,L
LR882124,nsp12 - RdRp,656,A,S
LR882125,nsp12 - RdRp,185,A,S
LR882125,nsp12 - RdRp,323,P,L
LR882125,nsp12 - RdRp,776,V,L
LR882126,nsp12 - RdRp,323,P,L
LR882127,nsp12 - RdRp,323,P,L
LR882128,nsp12 - RdRp,323,P,L
LR882128,nsp12 - RdRp,738,D,Y
LR882129,nsp12 - RdRp,323,P,L
LR882130,nsp12 - RdRp,323,P,L
LR882131,nsp12 - RdRp,323,P,L
LR882131,nsp12 - RdRp,656,A,S
LR882132,nsp12 - RdRp,323,P,L
LR882133,nsp12 - RdRp,323,P,L
LR882134,nsp12 - RdRp,264,P,T
LR882134,nsp12 - RdRp,323,P,L
LR882135,nsp12 - RdRp,323,P,L
LR882136,nsp12 - RdRp,323,P,L
LR882137,nsp12 - RdRp,185,A,S
LR882137,nsp12 - RdRp,323,P,L
LR882137,nsp12 - RdRp,776,V,L
LR882138,nsp12 - RdRp,323,P,L
LR882138,nsp12 - RdRp,870,T,I
LR882139,nsp12 - RdRp,323,P,L
LR882140,nsp12 - RdRp,323,P,L
LR882141,nsp12 - RdRp,323,P,L
LR882142,nsp12 - RdRp,323,P,L
LR882143,nsp12 - RdRp,323,P,L
LR882144,nsp12 - RdRp,323,P,L
LR882145,nsp12 - RdRp,323,P,L
LR882145,nsp12 - RdRp,656,A,S
LR882146,nsp12 - RdRp,323,P,L
LR882146,nsp12 - RdRp,738,D,Y
LR882147,nsp12 - RdRp,323,P,L
LR882148,nsp12 - RdRp,323,P,L
LR882149,nsp12 - RdRp,323,P,L
LR882150,nsp12 - RdRp,323,P,L
LR882150,nsp12 - RdRp,870,T,I
LR882151,nsp12 - RdRp,323,P,L
LR882152,nsp12 - RdRp,323,P,L
LR882153,nsp12 - RdRp,323,P,L
LR882154,nsp12 - RdRp,323,P,L
LR882155,nsp12 - RdRp,323,P,L
LR882156,nsp12 - RdRp,264,P,T
LR882156,nsp12 - RdRp,323,P,L
LR882157,nsp12 - RdRp,323,P,L
LR882158,nsp12 - RdRp,323,P,L
LR882159,nsp12 - RdRp,323,P,L
LR882159,nsp12 - RdRp,720,V,I
LR882160,nsp12 - RdRp,185,A,S
LR882160,nsp12 - RdRp,323,P,L
LR882160,nsp12 - RdRp,776,V,L
LR882161,nsp12 - RdRp,323,P,L
LR882162,nsp12 - RdRp,323,P,L
LR882163,nsp12 - RdRp,323,P,L
LR882164,nsp12 - RdRp,323,P,L
LR882165,nsp12 - RdRp,264,P,T
LR882166,nsp12 - RdRp,323,P,L
LR882167,nsp12 - RdRp,323,P,L
LR882168,nsp12 - RdRp,323,P,L
LR882169,nsp12 - RdRp,323,P,L
LR882170,nsp12 - RdRp,323,P,L
LR882171,nsp12 - RdRp,323,P,L
LR882172,nsp12 - RdRp,323,P,L
LR882172,nsp12 - RdRp,596,G,S
LR882173,nsp12 - RdRp,323,P,L
LR882173,nsp12 - RdRp,596,G,S
LR882174,nsp12 - RdRp,323,P,L
LR882175,nsp12 - RdRp,323,P,L
LR882176,nsp12 - RdRp,323,P,L
LR882177,nsp12 - RdRp,323,P,L
LR882178,nsp12 - RdRp,323,P,L
LR882179,nsp12 - RdRp,323,P,L
LR882180,nsp12 - RdRp,323,P,L
LR882181,nsp12 - RdRp,323,P,L
LR882182,nsp12 - RdRp,323,P,L
LR882183,nsp12 - RdRp,323,P,L
LR882184,nsp12 - RdRp,323,P,L
LR882185,nsp12 - RdRp,323,P,L
LR882186,nsp12 - RdRp,323,P,L
LR882187,nsp12 - RdRp,323,P,L
LR882188,nsp12 - RdRp,323,P,L
LR882189,nsp12 - RdRp,323,P,L
LR882190,nsp12 - RdRp,323,P,L
LR882191,nsp12 - RdRp,323,P,L
LR882192,nsp12 - RdRp,323,P,L
LR882193,nsp12 - RdRp,323,P,L
LR882194,nsp12 - RdRp,323,P,L
LR882195,nsp12 - RdRp,323,P,L
LR882196,nsp12 - RdRp,323,P,L
LR882197,nsp12 - RdRp,323,P,L
LR882198,nsp12 - RdRp,323,P,L
LR882199,nsp12 - RdRp,323,P,L
LR882200,nsp12 - RdRp,323,P,L
LR882201,nsp12 - RdRp,323,P,L
LR882203,nsp12 - RdRp,323,P,L
LR882204,nsp12 - RdRp,323,P,L
LR882205,nsp12 - RdRp,323,P,L
LR882206,nsp12 - RdRp,26,T,I
LR882206,nsp12 - RdRp,323,P,L
LR882207,nsp12 - RdRp,323,P,L
LR882209,nsp12 - RdRp,323,P,L
LR882210,nsp12 - RdRp,323,P,L
LR882211,nsp12 - RdRp,323,P,L
LR882212,nsp12 - RdRp,323,P,L
LR882213,nsp12 - RdRp,323,P,L
LR882214,nsp12 - RdRp,323,P,L
LR882215,nsp12 - RdRp,323,P,L
LR882216,nsp12 - RdRp,323,P,L
LR882217,nsp12 - RdRp,323,P,L
LR882218,nsp12 - RdRp,323,P,L
LR882219,nsp12 - RdRp,323,P,L
LR882220,nsp12 - RdRp,90,L,I
LR882220,nsp12 - RdRp,323,P,L
LR882221,nsp12 - RdRp,323,P,L
LR882222,nsp12 - RdRp,323,P,L
LR882223,nsp12 - RdRp,323,P,L
LR882224,nsp12 - RdRp,323,P,L
LR882225,nsp12 - RdRp,323,P,L
LR882226,nsp12 - RdRp,323,P,L
LR882227,nsp12 - RdRp,323,P,L
LR882228,nsp12 - RdRp,264,P,T
LR882228,nsp12 - RdRp,323,P,L
LR882229,nsp12 - RdRp,323,P,L
LR882230,nsp12 - RdRp,323,P,L
LR882231,nsp12 - RdRp,323,P,L
LR882232,nsp12 - RdRp,323,P,L
LR882233,nsp12 - RdRp,323,P,L
LR882234,nsp12 - RdRp,323,P,L
LR882235,nsp12 - RdRp,323,P,L
LR882236,nsp12 - RdRp,323,P,L
LR882237,nsp12 - RdRp,323,P,L
LR882238,nsp12 - RdRp,323,P,L
LR882239,nsp12 - RdRp,323,P,L
LR882240,nsp12 - RdRp,323,P,L
LR882241,nsp12 - RdRp,323,P,L
LR882242,nsp12 - RdRp,323,P,L
LR882243,nsp12 - RdRp,323,P,L
LR882244,nsp12 - RdRp,169,P,S
LR882244,nsp12 - RdRp,323,P,L
LR882245,nsp12 - RdRp,323,P,L
LR882246,nsp12 - RdRp,323,P,L
LR882247,nsp12 - RdRp,323,P,L
LR882248,nsp12 - RdRp,323,P,L
LR882249,nsp12 - RdRp,323,P,L
LR882250,nsp12 - RdRp,323,P,L
LR882251,nsp12 - RdRp,323,P,L
LR882252,nsp12 - RdRp,323,P,L
LR882253,nsp12 - RdRp,323,P,L
LR882254,nsp12 - RdRp,323,P,L
LR882255,nsp12 - RdRp,323,P,L
LR882256,nsp12 - RdRp,323,P,L
LR882257,nsp12 - RdRp,323,P,L
LR882258,nsp12 - RdRp,323,P,L
LR882259,nsp12 - RdRp,323,P,L
LR882260,nsp12 - RdRp,323,P,L
LR882261,nsp12 - RdRp,323,P,L
LR882262,nsp12 - RdRp,323,P,L
LR882263,nsp12 - RdRp,264,P,T
LR882263,nsp12 - RdRp,323,P,L
LR882264,nsp12 - RdRp,323,P,L
LR882265,nsp12 - RdRp,323,P,L
LR882265,nsp12 - RdRp,908,T,I
LR882266,nsp12 - RdRp,323,P,L
LR882267,nsp12 - RdRp,323,P,L
LR882267,nsp12 - RdRp,908,T,I
LR882268,nsp12 - RdRp,323,P,L
LR882269,nsp12 - RdRp,323,P,L
LR882270,nsp12 - RdRp,276,T,M
LR882270,nsp12 - RdRp,323,P,L
LR882271,nsp12 - RdRp,323,P,L
LR882272,nsp12 - RdRp,323,P,L
LR882274,nsp12 - RdRp,323,P,L
LR882275,nsp12 - RdRp,323,P,L
LR882276,nsp12 - RdRp,323,P,L
LR882276,nsp12 - RdRp,908,T,I
LR882277,nsp12 - RdRp,323,P,L
LR882278,nsp12 - RdRp,323,P,L
LR882279,nsp12 - RdRp,323,P,L
LR882280,nsp12 - RdRp,264,P,T
LR882280,nsp12 - RdRp,323,P,L
LR882281,nsp12 - RdRp,323,P,L
LR882282,nsp12 - RdRp,323,P,L
LR882283,nsp12 - RdRp,323,P,L
LR882284,nsp12 - RdRp,323,P,L
LR882285,nsp12 - RdRp,323,P,L
LR882286,nsp12 - RdRp,323,P,L
LR882287,nsp12 - RdRp,323,P,L
LR882288,nsp12 - RdRp,323,P,L
LR882288,nsp12 - RdRp,738,D,Y
LR882289,nsp12 - RdRp,323,P,L
LR882290,nsp12 - RdRp,323,P,L
LR882292,nsp12 - RdRp,323,P,L
LR882294,nsp12 - RdRp,323,P,L
LR882295,nsp12 - RdRp,323,P,L
LR882296,nsp12 - RdRp,323,P,L
LR882297,nsp12 - RdRp,323,P,L
LR882298,nsp12 - RdRp,323,P,L
LR882299,nsp12 - RdRp,323,P,L
LR882300,nsp12 - RdRp,264,P,T
LR882300,nsp12 - RdRp,323,P,L
LR882301,nsp12 - RdRp,323,P,L
LR882302,nsp12 - RdRp,323,P,L
LR882302,nsp12 - RdRp,720,V,I
LR882303,nsp12 - RdRp,323,P,L
LR882303,nsp12 - RdRp,913,S,L
LR882304,nsp12 - RdRp,323,P,L
LR882305,nsp12 - RdRp,323,P,L
LR882306,nsp12 - RdRp,323,P,L
LR882307,nsp12 - RdRp,323,P,L
LR882307,nsp12 - RdRp,720,V,I
LR882308,nsp12 - RdRp,323,P,L
LR882309,nsp12 - RdRp,323,P,L
LR882310,nsp12 - RdRp,323,P,L
LR882311,nsp12 - RdRp,323,P,L
LR882313,nsp12 - RdRp,323,P,L
LR882314,nsp12 - RdRp,323,P,L
LR882315,nsp12 - RdRp,323,P,L
LR882316,nsp12 - RdRp,323,P,L
LR882317,nsp12 - RdRp,323,P,L
LR882317,nsp12 - RdRp,908,T,I
LR882318,nsp12 - RdRp,323,P,L
LR882319,nsp12 - RdRp,323,P,L
LR882320,nsp12 - RdRp,323,P,L
LR882320,nsp12 - RdRp,720,V,I
LR882321,nsp12 - RdRp,323,P,L
LR882322,nsp12 - RdRp,323,P,L
LR882322,nsp12 - RdRp,621,K,R
LR882322,nsp12 - RdRp,720,V,I
LR882323,nsp12 - RdRp,323,P,L
LR882324,nsp12 - RdRp,323,P,L
LR882325,nsp12 - RdRp,323,P,L
LR882326,nsp12 - RdRp,323,P,L
LR882327,nsp12 - RdRp,323,P,L
LR882328,nsp12 - RdRp,323,P,L
LR882329,nsp12 - RdRp,323,P,L
LR882330,nsp12 - RdRp,323,P,L
LR882331,nsp12 - RdRp,323,P,L
LR882331,nsp12 - RdRp,908,T,I
LR882332,nsp12 - RdRp,323,P,L
LR882333,nsp12 - RdRp,323,P,L
LR882334,nsp12 - RdRp,323,P,L
LR882334,nsp12 - RdRp,720,V,I
LR882335,nsp12 - RdRp,323,P,L
LR882336,nsp12 - RdRp,323,P,L
LR882337,nsp12 - RdRp,323,P,L
LR882338,nsp12 - RdRp,323,P,L
LR882339,nsp12 - RdRp,323,P,L
LR882340,nsp12 - RdRp,323,P,L
LR882341,nsp12 - RdRp,323,P,L
LR882342,nsp12 - RdRp,323,P,L
LR882343,nsp12 - RdRp,323,P,L
LR882344,nsp12 - RdRp,323,P,L
LR882345,nsp12 - RdRp,323,P,L
LR882346,nsp12 - RdRp,323,P,L
LR882347,nsp12 - RdRp,323,P,L
LR882348,nsp12 - RdRp,323,P,L
LR882349,nsp12 - RdRp,323,P,L
LR882350,nsp12 - RdRp,323,P,L
LR882351,nsp12 - RdRp,323,P,L
LR882352,nsp12 - RdRp,323,P,L
LR882353,nsp12 - RdRp,323,P,L
LR882354,nsp12 - RdRp,323,P,L
LR882355,nsp12 - RdRp,227,P,L
LR882355,nsp12 - RdRp,323,P,L
LR882356,nsp12 - RdRp,323,P,L
LR882357,nsp12 - RdRp,323,P,L
LR882358,nsp12 - RdRp,323,P,L
LR882359,nsp12 - RdRp,323,P,L
LR882360,nsp12 - RdRp,323,P,L
LR882361,nsp12 - RdRp,323,P,L
LR882362,nsp12 - RdRp,323,P,L
LR882363,nsp12 - RdRp,323,P,L
LR882364,nsp12 - RdRp,323,P,L
LR882364,nsp12 - RdRp,865,D,Y
LR882365,nsp12 - RdRp,323,P,L
LR882366,nsp12 - RdRp,323,P,L
LR882368,nsp12 - RdRp,264,P,T
LR882368,nsp12 - RdRp,323,P,L
LR882369,nsp12 - RdRp,323,P,L
LR882370,nsp12 - RdRp,264,P,T
LR882371,nsp12 - RdRp,323,P,L
LR882372,nsp12 - RdRp,323,P,L
LR882373,nsp12 - RdRp,323,P,L
LR882374,nsp12 - RdRp,323,P,L
LR882380,nsp12 - RdRp,323,P,L
LR882381,nsp12 - RdRp,185,A,S
LR882381,nsp12 - RdRp,323,P,L
LR882381,nsp12 - RdRp,776,V,L
LR882382,nsp12 - RdRp,323,P,L
LR882383,nsp12 - RdRp,323,P,L
LR882384,nsp12 - RdRp,323,P,L
LR882385,nsp12 - RdRp,323,P,L
LR882386,nsp12 - RdRp,323,P,L
LR882386,nsp12 - RdRp,720,V,I
LR882387,nsp12 - RdRp,323,P,L
LR882388,nsp12 - RdRp,323,P,L
LR882389,nsp12 - RdRp,323,P,L
LR882390,nsp12 - RdRp,323,P,L
LR882391,nsp12 - RdRp,323,P,L
LR882392,nsp12 - RdRp,323,P,L
LR882394,nsp12 - RdRp,323,P,L
LR882395,nsp12 - RdRp,185,A,S
LR882395,nsp12 - RdRp,323,P,L
LR882395,nsp12 - RdRp,776,V,L
LR882396,nsp12 - RdRp,323,P,L
LR882397,nsp12 - RdRp,323,P,L
LR882398,nsp12 - RdRp,264,P,T
LR882398,nsp12 - RdRp,323,P,L
LR882400,nsp12 - RdRp,323,P,L
LR882401,nsp12 - RdRp,185,A,S
LR882401,nsp12 - RdRp,323,P,L
LR882401,nsp12 - RdRp,776,V,L
LR882402,nsp12 - RdRp,185,A,S
LR882402,nsp12 - RdRp,323,P,L
LR882402,nsp12 - RdRp,776,V,L
LR882403,nsp12 - RdRp,185,A,S
LR882403,nsp12 - RdRp,323,P,L
LR882403,nsp12 - RdRp,776,V,L
LR882404,nsp12 - RdRp,185,A,S
LR882404,nsp12 - RdRp,323,P,L
LR882404,nsp12 - RdRp,776,V,L
LR882405,nsp12 - RdRp,323,P,L
LR882406,nsp12 - RdRp,264,P,T
LR882406,nsp12 - RdRp,323,P,L
LR882407,nsp12 - RdRp,323,P,L
LR882408,nsp12 - RdRp,185,A,S
LR882408,nsp12 - RdRp,323,P,L
LR882408,nsp12 - RdRp,776,V,L
LR882409,nsp12 - RdRp,323,P,L
LR882412,nsp12 - RdRp,323,P,L
LR882413,nsp12 - RdRp,323,P,L
LR882413,nsp12 - RdRp,928,H,Y
LR882414,nsp12 - RdRp,323,P,L
LR882415,nsp12 - RdRp,185,A,S
LR882415,nsp12 - RdRp,323,P,L
LR882415,nsp12 - RdRp,776,V,L
LR882416,nsp12 - RdRp,323,P,L
LR882417,nsp12 - RdRp,323,P,L
LR882417,nsp12 - RdRp,720,V,I
LR882418,nsp12 - RdRp,323,P,L
LR882419,nsp12 - RdRp,264,P,T
LR882419,nsp12 - RdRp,323,P,L
LR882420,nsp12 - RdRp,323,P,L
LR882421,nsp12 - RdRp,185,A,S
LR882421,nsp12 - RdRp,323,P,L
LR882421,nsp12 - RdRp,776,V,L
LR882422,nsp12 - RdRp,185,A,S
LR882422,nsp12 - RdRp,323,P,L
LR882422,nsp12 - RdRp,776,V,L
LR882423,nsp12 - RdRp,185,A,S
LR882423,nsp12 - RdRp,323,P,L
LR882423,nsp12 - RdRp,776,V,L
LR882424,nsp12 - RdRp,185,A,S
LR882424,nsp12 - RdRp,323,P,L
LR882424,nsp12 - RdRp,776,V,L
LR882427,nsp12 - RdRp,323,P,L
LR882427,nsp12 - RdRp,870,T,I
LR882429,nsp12 - RdRp,323,P,L
LR882430,nsp12 - RdRp,90,L,I
LR882430,nsp12 - RdRp,323,P,L
LR882431,nsp12 - RdRp,323,P,L
LR882432,nsp12 - RdRp,264,P,T
LR882432,nsp12 - RdRp,323,P,L
LR882434,nsp12 - RdRp,185,A,S
LR882434,nsp12 - RdRp,323,P,L
LR882434,nsp12 - RdRp,776,V,L
LR882435,nsp12 - RdRp,264,P,T
LR882435,nsp12 - RdRp,323,P,L
LR882436,nsp12 - RdRp,323,P,L
LR882437,nsp12 - RdRp,323,P,L
LR882438,nsp12 - RdRp,323,P,L
LR882439,nsp12 - RdRp,323,P,L
LR882439,nsp12 - RdRp,738,D,Y
LR882440,nsp12 - RdRp,323,P,L
LR882441,nsp12 - RdRp,264,P,T
LR882441,nsp12 - RdRp,323,P,L
LR882442,nsp12 - RdRp,323,P,L
LR882445,nsp12 - RdRp,264,P,T
LR882445,nsp12 - RdRp,323,P,L
LR882446,nsp12 - RdRp,323,P,L
LR882447,nsp12 - RdRp,323,P,L
LR882448,nsp12 - RdRp,323,P,L
LR882449,nsp12 - RdRp,323,P,L
LR882450,nsp12 - RdRp,185,A,S
LR882450,nsp12 - RdRp,323,P,L
LR882450,nsp12 - RdRp,776,V,L
LR882451,nsp12 - RdRp,185,A,S
LR882451,nsp12 - RdRp,323,P,L
LR882451,nsp12 - RdRp,776,V,L
LR882452,nsp12 - RdRp,323,P,L
LR882453,nsp12 - RdRp,323,P,L
LR882454,nsp12 - RdRp,323,P,L
LR882455,nsp12 - RdRp,323,P,L
LR882456,nsp12 - RdRp,185,A,S
LR882456,nsp12 - RdRp,323,P,L
LR882456,nsp12 - RdRp,776,V,L
LR882457,nsp12 - RdRp,185,A,S
LR882457,nsp12 - RdRp,323,P,L
LR882457,nsp12 - RdRp,776,V,L
LR882458,nsp12 - RdRp,185,A,S
LR882458,nsp12 - RdRp,323,P,L
LR882458,nsp12 - RdRp,776,V,L
LR882459,nsp12 - RdRp,323,P,L
LR882461,nsp12 - RdRp,323,P,L
LR882462,nsp12 - RdRp,323,P,L
LR882463,nsp12 - RdRp,323,P,L
LR882463,nsp12 - RdRp,870,T,I
LR882464,nsp12 - RdRp,323,P,L
LR882465,nsp12 - RdRp,323,P,L
LR882466,nsp12 - RdRp,323,P,L
LR882467,nsp12 - RdRp,185,A,S
LR882467,nsp12 - RdRp,323,P,L
LR882467,nsp12 - RdRp,776,V,L
LR882468,nsp12 - RdRp,323,P,L
LR882469,nsp12 - RdRp,323,P,L
LR882470,nsp12 - RdRp,323,P,L
LR882471,nsp12 - RdRp,323,P,L
LR882472,nsp12 - RdRp,185,A,S
LR882472,nsp12 - RdRp,323,P,L
LR882472,nsp12 - RdRp,776,V,L
LR882473,nsp12 - RdRp,323,P,L
LR882474,nsp12 - RdRp,323,P,L
LR882476,nsp12 - RdRp,323,P,L
LR882477,nsp12 - RdRp,323,P,L
LR882478,nsp12 - RdRp,323,P,L
LR882479,nsp12 - RdRp,264,P,T
LR882479,nsp12 - RdRp,323,P,L
LR882480,nsp12 - RdRp,323,P,L
LR882480,nsp12 - RdRp,720,V,I
LR882481,nsp12 - RdRp,323,P,L
LR882482,nsp12 - RdRp,323,P,L
LR882484,nsp12 - RdRp,185,A,S
LR882484,nsp12 - RdRp,323,P,L
LR882484,nsp12 - RdRp,776,V,L
LR882485,nsp12 - RdRp,185,A,V
LR882485,nsp12 - RdRp,323,P,L
LR882486,nsp12 - RdRp,185,A,S
LR882486,nsp12 - RdRp,323,P,L
LR882486,nsp12 - RdRp,776,V,L
LR882487,nsp12 - RdRp,323,P,L
LR882488,nsp12 - RdRp,323,P,L
LR882489,nsp12 - RdRp,323,P,L
LR882490,nsp12 - RdRp,323,P,L
LR882491,nsp12 - RdRp,264,P,T
LR882491,nsp12 - RdRp,323,P,L
LR882492,nsp12 - RdRp,323,P,L
MW042923,nsp12 - RdRp,323,P,L
MW042924,nsp12 - RdRp,323,P,L
MW042925,nsp12 - RdRp,323,P,L
LR882082,nsp13 - Helicase,348,V,L
LR882083,nsp13 - Helicase,53,P,Q
LR882084,nsp13 - Helicase,218,K,R
LR882084,nsp13 - Helicase,261,E,D
LR882087,nsp13 - Helicase,348,V,L
LR882088,nsp13 - Helicase,218,K,R
LR882088,nsp13 - Helicase,261,E,D
LR882089,nsp13 - Helicase,348,V,L
LR882091,nsp13 - Helicase,218,K,R
LR882091,nsp13 - Helicase,261,E,D
LR882092,nsp13 - Helicase,218,K,R
LR882092,nsp13 - Helicase,261,E,D
LR882093,nsp13 - Helicase,218,K,R
LR882093,nsp13 - Helicase,261,E,D
LR882096,nsp13 - Helicase,218,K,R
LR882096,nsp13 - Helicase,261,E,D
LR882097,nsp13 - Helicase,53,P,L
LR882097,nsp13 - Helicase,290,H,Y
LR882097,nsp13 - Helicase,598,A,S
LR882102,nsp13 - Helicase,218,K,R
LR882102,nsp13 - Helicase,261,E,D
LR882104,nsp13 - Helicase,218,K,R
LR882104,nsp13 - Helicase,261,E,D
LR882106,nsp13 - Helicase,290,H,Y
LR882106,nsp13 - Helicase,598,A,S
LR882107,nsp13 - Helicase,218,K,R
LR882107,nsp13 - Helicase,261,E,D
LR882111,nsp13 - Helicase,290,H,Y
LR882111,nsp13 - Helicase,598,A,S
LR882117,nsp13 - Helicase,295,L,I
LR882118,nsp13 - Helicase,218,K,R
LR882118,nsp13 - Helicase,261,E,D
LR882119,nsp13 - Helicase,218,K,R
LR882119,nsp13 - Helicase,261,E,D
LR882120,nsp13 - Helicase,290,H,Y
LR882120,nsp13 - Helicase,598,A,S
LR882123,nsp13 - Helicase,218,K,R
LR882123,nsp13 - Helicase,261,E,D
LR882125,nsp13 - Helicase,218,K,R
LR882125,nsp13 - Helicase,261,E,D
LR882137,nsp13 - Helicase,218,K,R
LR882137,nsp13 - Helicase,261,E,D
LR882138,nsp13 - Helicase,348,V,L
LR882140,nsp13 - Helicase,348,V,L
LR882147,nsp13 - Helicase,348,V,L
LR882147,nsp13 - Helicase,419,P,S
LR882150,nsp13 - Helicase,348,V,L
LR882156,nsp13 - Helicase,336,A,T
LR882159,nsp13 - Helicase,290,H,Y
LR882159,nsp13 - Helicase,598,A,S
LR882160,nsp13 - Helicase,218,K,R
LR882160,nsp13 - Helicase,261,E,D
LR882165,nsp13 - Helicase,271,K,N
LR882167,nsp13 - Helicase,350,S,L
LR882171,nsp13 - Helicase,204,D,Y
LR882176,nsp13 - Helicase,233,M,I
LR882199,nsp13 - Helicase,214,T,I
LR882204,nsp13 - Helicase,543,Y,C
LR882207,nsp13 - Helicase,222,G,S
LR882230,nsp13 - Helicase,543,Y,C
LR882234,nsp13 - Helicase,247,V,F
LR882248,nsp13 - Helicase,222,G,S
LR882249,nsp13 - Helicase,296,A,S
LR882249,nsp13 - Helicase,446,A,S
LR882252,nsp13 - Helicase,496,V,L
LR882260,nsp13 - Helicase,350,S,L
LR882302,nsp13 - Helicase,290,H,Y
LR882302,nsp13 - Helicase,598,A,S
LR882307,nsp13 - Helicase,290,H,Y
LR882307,nsp13 - Helicase,598,A,S
LR882320,nsp13 - Helicase,290,H,Y
LR882320,nsp13 - Helicase,598,A,S
LR882322,nsp13 - Helicase,290,H,Y
LR882322,nsp13 - Helicase,598,A,S
LR882324,nsp13 - Helicase,222,G,S
LR882334,nsp13 - Helicase,290,H,Y
LR882334,nsp13 - Helicase,598,A,S
LR882354,nsp13 - Helicase,296,A,S
LR882354,nsp13 - Helicase,446,A,S
LR882374,nsp13 - Helicase,348,V,L
LR882381,nsp13 - Helicase,218,K,R
LR882381,nsp13 - Helicase,261,E,D
LR882386,nsp13 - Helicase,290,H,Y
LR882386,nsp13 - Helicase,598,A,S
LR882387,nsp13 - Helicase,485,S,L
LR882395,nsp13 - Helicase,218,K,R
LR882395,nsp13 - Helicase,261,E,D
LR882398,nsp13 - Helicase,336,A,T
LR882400,nsp13 - Helicase,348,V,L
LR882401,nsp13 - Helicase,218,K,R
LR882401,nsp13 - Helicase,261,E,D
LR882402,nsp13 - Helicase,218,K,R
LR882402,nsp13 - Helicase,261,E,D
LR882403,nsp13 - Helicase,218,K,R
LR882403,nsp13 - Helicase,261,E,D
LR882404,nsp13 - Helicase,218,K,R
LR882404,nsp13 - Helicase,261,E,D
LR882408,nsp13 - Helicase,218,K,R
LR882408,nsp13 - Helicase,261,E,D
LR882408,nsp13 - Helicase,446,A,S
LR882413,nsp13 - Helicase,348,V,L
LR882415,nsp13 - Helicase,218,K,R
LR882415,nsp13 - Helicase,261,E,D
LR882421,nsp13 - Helicase,218,K,R
LR882421,nsp13 - Helicase,261,E,D
LR882422,nsp13 - Helicase,218,K,R
LR882422,nsp13 - Helicase,261,E,D
LR882423,nsp13 - Helicase,218,K,R
LR882423,nsp13 - Helicase,261,E,D
LR882424,nsp13 - Helicase,218,K,R
LR882424,nsp13 - Helicase,261,E,D
LR882424,nsp13 - Helicase,446,A,S
LR882427,nsp13 - Helicase,348,V,L
LR882430,nsp13 - Helicase,247,V,F
LR882434,nsp13 - Helicase,218,K,R
LR882434,nsp13 - Helicase,261,E,D
LR882434,nsp13 - Helicase,446,A,S
LR882449,nsp13 - Helicase,259,S,L
LR882450,nsp13 - Helicase,218,K,R
LR882450,nsp13 - Helicase,261,E,D
LR882451,nsp13 - Helicase,218,K,R
LR882451,nsp13 - Helicase,261,E,D
LR882456,nsp13 - Helicase,218,K,R
LR882456,nsp13 - Helicase,261,E,D
LR882457,nsp13 - Helicase,218,K,R
LR882457,nsp13 - Helicase,261,E,D
LR882458,nsp13 - Helicase,218,K,R
LR882458,nsp13 - Helicase,261,E,D
LR882461,nsp13 - Helicase,348,V,L
LR882463,nsp13 - Helicase,348,V,L
LR882467,nsp13 - Helicase,218,K,R
LR882467,nsp13 - Helicase,261,E,D
LR882469,nsp13 - Helicase,348,V,L
LR882470,nsp13 - Helicase,290,H,Y
LR882472,nsp13 - Helicase,218,K,R
LR882472,nsp13 - Helicase,261,E,D
LR882478,nsp13 - Helicase,348,V,L
LR882480,nsp13 - Helicase,290,H,Y
LR882480,nsp13 - Helicase,598,A,S
LR882484,nsp13 - Helicase,218,K,R
LR882484,nsp13 - Helicase,261,E,D
LR882486,nsp13 - Helicase,218,K,R
LR882486,nsp13 - Helicase,261,E,D
LR882083,nsp14 - ExoN,15,I,V
LR882083,nsp14 - ExoN,85,A,S
LR882098,nsp14 - ExoN,339,K,N
LR882105,nsp14 - ExoN,85,A,S
LR882108,nsp14 - ExoN,1,A,S
LR882111,nsp14 - ExoN,453,E,D
LR882116,nsp14 - ExoN,119,A,V
LR882164,nsp14 - ExoN,85,A,S
LR882166,nsp14 - ExoN,163,R,C
LR882178,nsp14 - ExoN,163,R,C
LR882201,nsp14 - ExoN,163,R,C
LR882206,nsp14 - ExoN,85,A,S
LR882219,nsp14 - ExoN,163,R,C
LR882229,nsp14 - ExoN,85,A,S
LR882232,nsp14 - ExoN,85,A,S
LR882261,nsp14 - ExoN,289,R,C
LR882262,nsp14 - ExoN,289,R,C
LR882270,nsp14 - ExoN,119,A,V
LR882274,nsp14 - ExoN,85,A,S
LR882289,nsp14 - ExoN,85,A,S
LR882292,nsp14 - ExoN,61,K,R
LR882295,nsp14 - ExoN,85,A,S
LR882298,nsp14 - ExoN,85,A,S
LR882338,nsp14 - ExoN,85,A,S
LR882338,nsp14 - ExoN,248,G,V
LR882344,nsp14 - ExoN,85,A,S
LR882345,nsp14 - ExoN,85,A,S
LR882346,nsp14 - ExoN,85,A,S
LR882348,nsp14 - ExoN,163,R,C
LR882362,nsp14 - ExoN,119,A,V
LR882365,nsp14 - ExoN,163,R,C
LR882372,nsp14 - ExoN,371,A,V
LR882373,nsp14 - ExoN,163,R,C
LR882381,nsp14 - ExoN,324,D,Y
LR882386,nsp14 - ExoN,453,E,D
LR882409,nsp14 - ExoN,85,A,S
LR882412,nsp14 - ExoN,119,A,V
LR882437,nsp14 - ExoN,339,K,N
LR882448,nsp14 - ExoN,85,A,S
LR882453,nsp14 - ExoN,119,A,V
MW042923,nsp14 - ExoN,16,T,I
MW042923,nsp14 - ExoN,58,M,I
MW042925,nsp14 - ExoN,496,D,N
LR882082,nsp15 - NendoU,222,I,S
LR882087,nsp15 - NendoU,222,I,S
LR882089,nsp15 - NendoU,222,I,S
LR882099,nsp15 - NendoU,38,V,F
LR882100,nsp15 - NendoU,33,T,I
LR882110,nsp15 - NendoU,33,T,I
LR882112,nsp15 - NendoU,33,T,I
LR882123,nsp15 - NendoU,320,V,L
LR882126,nsp15 - NendoU,33,T,I
LR882127,nsp15 - NendoU,33,T,I
LR882138,nsp15 - NendoU,222,I,S
LR882139,nsp15 - NendoU,33,T,I
LR882140,nsp15 - NendoU,222,I,S
LR882143,nsp15 - NendoU,33,T,I
LR882144,nsp15 - NendoU,33,T,I
LR882147,nsp15 - NendoU,222,I,S
LR882149,nsp15 - NendoU,33,T,I
LR882150,nsp15 - NendoU,222,I,S
LR882151,nsp15 - NendoU,48,T,I
LR882152,nsp15 - NendoU,33,T,I
LR882154,nsp15 - NendoU,38,V,F
LR882155,nsp15 - NendoU,33,T,I
LR882157,nsp15 - NendoU,38,V,F
LR882161,nsp15 - NendoU,33,T,I
LR882162,nsp15 - NendoU,48,T,I
LR882167,nsp15 - NendoU,33,T,I
LR882168,nsp15 - NendoU,48,T,I
LR882169,nsp15 - NendoU,38,V,F
LR882172,nsp15 - NendoU,33,T,I
LR882173,nsp15 - NendoU,33,T,I
LR882175,nsp15 - NendoU,38,V,F
LR882176,nsp15 - NendoU,48,T,I
LR882179,nsp15 - NendoU,48,T,I
LR882181,nsp15 - NendoU,38,V,F
LR882183,nsp15 - NendoU,33,T,I
LR882185,nsp15 - NendoU,33,T,I
LR882189,nsp15 - NendoU,33,T,I
LR882190,nsp15 - NendoU,38,V,F
LR882192,nsp15 - NendoU,38,V,F
LR882193,nsp15 - NendoU,33,T,I
LR882194,nsp15 - NendoU,48,T,I
LR882195,nsp15 - NendoU,48,T,I
LR882196,nsp15 - NendoU,48,T,I
LR882199,nsp15 - NendoU,38,V,F
LR882203,nsp15 - NendoU,48,T,I
LR882204,nsp15 - NendoU,33,T,I
LR882205,nsp15 - NendoU,172,V,L
LR882205,nsp15 - NendoU,205,P,S
LR882212,nsp15 - NendoU,33,T,I
LR882213,nsp15 - NendoU,33,T,I
LR882215,nsp15 - NendoU,205,P,S
LR882220,nsp15 - NendoU,205,P,S
LR882221,nsp15 - NendoU,38,V,F
LR882223,nsp15 - NendoU,48,T,I
LR882224,nsp15 - NendoU,38,V,F
LR882227,nsp15 - NendoU,33,T,I
LR882230,nsp15 - NendoU,33,T,I
LR882233,nsp15 - NendoU,33,T,I
LR882234,nsp15 - NendoU,33,T,I
LR882236,nsp15 - NendoU,38,V,F
LR882239,nsp15 - NendoU,48,T,I
LR882244,nsp15 - NendoU,48,T,I
LR882250,nsp15 - NendoU,48,T,I
LR882256,nsp15 - NendoU,48,T,I
LR882256,nsp15 - NendoU,270,P,L
LR882258,nsp15 - NendoU,48,T,I
LR882260,nsp15 - NendoU,33,T,I
LR882261,nsp15 - NendoU,48,T,I
LR882262,nsp15 - NendoU,48,T,I
LR882268,nsp15 - NendoU,33,T,I
LR882270,nsp15 - NendoU,48,T,I
LR882275,nsp15 - NendoU,33,T,I
LR882278,nsp15 - NendoU,66,V,L
LR882279,nsp15 - NendoU,33,T,I
LR882283,nsp15 - NendoU,33,T,I
LR882285,nsp15 - NendoU,48,T,I
LR882286,nsp15 - NendoU,33,T,I
LR882286,nsp15 - NendoU,317,V,F
LR882292,nsp15 - NendoU,48,T,I
LR882297,nsp15 - NendoU,48,T,I
LR882303,nsp15 - NendoU,10,V,L
LR882303,nsp15 - NendoU,33,T,I
LR882305,nsp15 - NendoU,33,T,I
LR882306,nsp15 - NendoU,38,V,F
LR882309,nsp15 - NendoU,38,V,F
LR882309,nsp15 - NendoU,282,D,Y
LR882315,nsp15 - NendoU,48,T,I
LR882316,nsp15 - NendoU,33,T,I
LR882329,nsp15 - NendoU,33,T,I
LR882330,nsp15 - NendoU,33,T,I
LR882330,nsp15 - NendoU,317,V,F
LR882361,nsp15 - NendoU,33,T,I
LR882362,nsp15 - NendoU,334,K,N
LR882362,nsp15 - NendoU,335,D,F
LR882364,nsp15 - NendoU,33,T,I
LR882366,nsp15 - NendoU,91,D,Y
LR882372,nsp15 - NendoU,172,V,L
LR882372,nsp15 - NendoU,205,P,S
LR882374,nsp15 - NendoU,222,I,S
LR882385,nsp15 - NendoU,33,T,I
LR882388,nsp15 - NendoU,33,T,I
LR882389,nsp15 - NendoU,33,T,I
LR882392,nsp15 - NendoU,131,V,L
LR882400,nsp15 - NendoU,222,I,S
LR882412,nsp15 - NendoU,334,K,N
LR882412,nsp15 - NendoU,335,D,F
LR882413,nsp15 - NendoU,222,I,S
LR882427,nsp15 - NendoU,222,I,S
LR882430,nsp15 - NendoU,205,P,S
LR882440,nsp15 - NendoU,131,V,L
LR882447,nsp15 - NendoU,33,T,I
LR882453,nsp15 - NendoU,334,K,N
LR882453,nsp15 - NendoU,335,D,F
LR882461,nsp15 - NendoU,222,I,S
LR882463,nsp15 - NendoU,222,I,S
LR882464,nsp15 - NendoU,260,E,K
LR882469,nsp15 - NendoU,222,I,S
LR882478,nsp15 - NendoU,222,I,S
LR882482,nsp15 - NendoU,33,T,I
LR882487,nsp15 - NendoU,33,T,I
LR882095,nsp16 - 2'-O-MT,270,M,I
LR882103,nsp16 - 2'-O-MT,270,M,I
LR882109,nsp16 - 2'-O-MT,270,M,I
LR882121,nsp16 - 2'-O-MT,270,M,I
LR882122,nsp16 - 2'-O-MT,270,M,I
LR882129,nsp16 - 2'-O-MT,270,M,I
LR882130,nsp16 - 2'-O-MT,270,M,I
LR882133,nsp16 - 2'-O-MT,270,M,I
LR882141,nsp16 - 2'-O-MT,270,M,I
LR882152,nsp16 - 2'-O-MT,222,Y,C
LR882155,nsp16 - 2'-O-MT,222,Y,C
LR882161,nsp16 - 2'-O-MT,222,Y,C
LR882185,nsp16 - 2'-O-MT,222,Y,C
LR882189,nsp16 - 2'-O-MT,222,Y,C
LR882193,nsp16 - 2'-O-MT,222,Y,C
LR882227,nsp16 - 2'-O-MT,222,Y,C
LR882269,nsp16 - 2'-O-MT,274,L,V
LR882271,nsp16 - 2'-O-MT,274,L,V
LR882316,nsp16 - 2'-O-MT,222,Y,C
LR882323,nsp16 - 2'-O-MT,226,A,S
LR882341,nsp16 - 2'-O-MT,116,A,V
LR882343,nsp16 - 2'-O-MT,267,I,T
LR882350,nsp16 - 2'-O-MT,274,L,V
LR882369,nsp16 - 2'-O-MT,116,A,V
LR882407,nsp16 - 2'-O-MT,270,M,I
LR882414,nsp16 - 2'-O-MT,294,V,F
LR882420,nsp16 - 2'-O-MT,270,M,I
LR882429,nsp16 - 2'-O-MT,270,M,I
LR882462,nsp16 - 2'-O-MT,294,V,F
LR882464,nsp16 - 2'-O-MT,270,M,I
LR882465,nsp16 - 2'-O-MT,270,M,I
LR882471,nsp16 - 2'-O-MT,226,A,S
LR882481,nsp16 - 2'-O-MT,270,M,I
LR882489,nsp16 - 2'-O-MT,270,M,I
LR882490,nsp16 - 2'-O-MT,270,M,I
LR882492,nsp16 - 2'-O-MT,270,M,I
MW041156,nsp16 - 2'-O-MT,116,A,V
MW042923,nsp16 - 2'-O-MT,178,A,V
LR882081,S,222,A,V
LR882081,S,272,P,L
LR882081,S,614,D,G
LR882082,S,222,A,V
LR882082,S,614,D,G
LR882083,S,614,D,G
LR882084,S,477,S,N
LR882084,S,614,D,G
LR882085,S,222,A,V
LR882085,S,272,P,L
LR882085,S,614,D,G
LR882086,S,80,D,Y
LR882086,S,614,D,G
LR882087,S,222,A,V
LR882087,S,614,D,G
LR882088,S,477,S,N
LR882088,S,614,D,G
LR882089,S,222,A,V
LR882089,S,614,D,G
LR882090,S,614,D,G
LR882090,S,1122,V,L
LR882091,S,477,S,N
LR882091,S,614,D,G
LR882092,S,477,S,N
LR882092,S,614,D,G
LR882093,S,477,S,N
LR882093,S,614,D,G
LR882094,S,614,D,G
LR882095,S,222,A,V
LR882095,S,614,D,G
LR882096,S,614,D,G
LR882097,S,189,L,F
LR882097,S,439,N,K
LR882097,S,614,D,G
LR882097,S,772,V,I
LR882098,S,80,D,Y
LR882098,S,614,D,G
LR882099,S,614,D,G
LR882099,S,688,A,V
LR882100,S,614,D,G
LR882101,S,614,D,G
LR882102,S,477,S,N
LR882102,S,614,D,G
LR882103,S,614,D,G
LR882104,S,477,S,N
LR882104,S,614,D,G
LR882105,S,614,D,G
LR882106,S,439,N,K
LR882106,S,614,D,G
LR882107,S,477,S,N
LR882107,S,614,D,G
LR882108,S,614,D,G
LR882109,S,222,A,V
LR882109,S,614,D,G
LR882110,S,534,V,I
LR882110,S,614,D,G
LR882111,S,80,D,Y
LR882111,S,439,N,K
LR882111,S,614,D,G
LR882112,S,534,V,I
LR882112,S,614,D,G
LR882113,S,614,D,G
LR882113,S,814,K,T
LR882114,S,222,A,V
LR882114,S,614,D,G
LR882115,S,614,D,G
LR882116,S,614,D,G
LR882117,S,614,D,G
LR882118,S,477,S,N
LR882118,S,614,D,G
LR882119,S,477,S,N
LR882119,S,614,D,G
LR882120,S,439,N,K
LR882120,S,614,D,G
LR882121,S,222,A,V
LR882121,S,614,D,G
LR882122,S,222,A,V
LR882122,S,614,D,G
LR882123,S,477,S,N
LR882123,S,614,D,G
LR882124,S,614,D,G
LR882125,S,477,S,N
LR882125,S,614,D,G
LR882126,S,614,D,G
LR882127,S,614,D,G
LR882128,S,614,D,G
LR882128,S,626,A,S
LR882129,S,222,A,V
LR882129,S,614,D,G
LR882130,S,222,A,V
LR882130,S,614,D,G
LR882131,S,614,D,G
LR882132,S,222,A,V
LR882132,S,614,D,G
LR882133,S,222,A,V
LR882133,S,614,D,G
LR882134,S,80,D,Y
LR882134,S,614,D,G
LR882135,S,222,A,V
LR882135,S,272,P,L
LR882135,S,614,D,G
LR882136,S,222,A,V
LR882136,S,272,P,L
LR882136,S,614,D,G
LR882137,S,477,S,N
LR882137,S,614,D,G
LR882138,S,222,A,V
LR882138,S,614,D,G
LR882139,S,614,D,G
LR882139,S,677,Q,H
LR882140,S,222,A,V
LR882140,S,614,D,G
LR882141,S,222,A,V
LR882141,S,614,D,G
LR882142,S,614,D,G
LR882143,S,614,D,G
LR882143,S,677,Q,H
LR882144,S,614,D,G
LR882144,S,677,Q,H
LR882145,S,614,D,G
LR882146,S,614,D,G
LR882146,S,626,A,S
LR882147,S,222,A,V
LR882147,S,614,D,G
LR882148,S,222,A,V
LR882148,S,614,D,G
LR882149,S,614,D,G
LR882149,S,1151,E,D
LR882150,S,222,A,V
LR882150,S,614,D,G
LR882151,S,614,D,G
LR882152,S,614,D,G
LR882153,S,614,D,G
LR882154,S,614,D,G
LR882155,S,614,D,G
LR882156,S,614,D,G
LR882157,S,614,D,G
LR882158,S,614,D,G
LR882159,S,439,N,K
LR882159,S,614,D,G
LR882160,S,477,S,N
LR882160,S,614,D,G
LR882161,S,614,D,G
LR882162,S,614,D,G
LR882163,S,614,D,G
LR882164,S,614,D,G
LR882165,S,80,D,Y
LR882165,S,614,D,G
LR882166,S,614,D,G
LR882167,S,614,D,G
LR882168,S,614,D,G
LR882169,S,614,D,G
LR882170,S,614,D,G
LR882171,S,614,D,G
LR882172,S,614,D,G
LR882172,S,687,V,I
LR882173,S,614,D,G
LR882173,S,687,V,I
LR882174,S,614,D,G
LR882175,S,614,D,G
LR882176,S,614,D,G
LR882176,S,1159,H,Y
LR882177,S,614,D,G
LR882178,S,614,D,G
LR882179,S,614,D,G
LR882180,S,614,D,G
LR882181,S,614,D,G
LR882182,S,614,D,G
LR882183,S,614,D,G
LR882183,S,780,E,Q
LR882184,S,614,D,G
LR882184,S,1251,G,V
LR882185,S,614,D,G
LR882186,S,614,D,G
LR882187,S,80,D,Y
LR882187,S,614,D,G
LR882188,S,614,D,G
LR882189,S,614,D,G
LR882190,S,614,D,G
LR882191,S,614,D,G
LR882192,S,614,D,G
LR882193,S,614,D,G
LR882194,S,614,D,G
LR882195,S,614,D,G
LR882196,S,95,T,I
LR882196,S,614,D,G
LR882196,S,1159,H,Y
LR882197,S,614,D,G
LR882198,S,614,D,G
LR882199,S,614,D,G
LR882200,S,614,D,G
LR882200,S,1163,D,Y
LR882201,S,614,D,G
LR882203,S,614,D,G
LR882204,S,614,D,G
LR882205,S,614,D,G
LR882206,S,614,D,G
LR882207,S,614,D,G
LR882209,S,614,D,G
LR882210,S,614,D,G
LR882211,S,614,D,G
LR882212,S,614,D,G
LR882213,S,614,D,G
LR882214,S,614,D,G
LR882215,S,614,D,G
LR882216,S,614,D,G
LR882217,S,614,D,G
LR882218,S,614,D,G
LR882219,S,614,D,G
LR882220,S,614,D,G
LR882221,S,614,D,G
LR882222,S,614,D,G
LR882223,S,614,D,G
LR882224,S,614,D,G
LR882225,S,613,Q,H
LR882225,S,614,D,G
LR882226,S,614,D,G
LR882227,S,614,D,G
LR882228,S,80,D,Y
LR882228,S,614,D,G
LR882229,S,614,D,G
LR882230,S,614,D,G
LR882231,S,614,D,G
LR882232,S,614,D,G
LR882233,S,614,D,G
LR882234,S,614,D,G
LR882235,S,614,D,G
LR882236,S,614,D,G
LR882237,S,614,D,G
LR882238,S,614,D,G
LR882239,S,614,D,G
LR882239,S,1159,H,Y
LR882240,S,614,D,G
LR882241,S,614,D,G
LR882242,S,614,D,G
LR882243,S,614,D,G
LR882244,S,614,D,G
LR882245,S,222,A,V
LR882245,S,614,D,G
LR882246,S,614,D,G
LR882247,S,614,D,G
LR882248,S,151,S,G
LR882248,S,614,D,G
LR882249,S,614,D,G
LR882249,S,1251,G,V
LR882250,S,614,D,G
LR882251,S,614,D,G
LR882252,S,614,D,G
LR882253,S,614,D,G
LR882254,S,299,T,I
LR882254,S,614,D,G
LR882255,S,614,D,G
LR882256,S,614,D,G
LR882257,S,614,D,G
LR882258,S,614,D,G
LR882259,S,215,D,H
LR882259,S,614,D,G
LR882260,S,614,D,G
LR882261,S,614,D,G
LR882262,S,614,D,G
LR882263,S,80,D,Y
LR882263,S,614,D,G
LR882264,S,299,T,I
LR882264,S,614,D,G
LR882265,S,614,D,G
LR882266,S,222,A,V
LR882266,S,614,D,G
LR882267,S,614,D,G
LR882268,S,614,D,G
LR882269,S,614,D,G
LR882270,S,614,D,G
LR882271,S,614,D,G
LR882272,S,614,D,G
LR882274,S,614,D,G
LR882275,S,614,D,G
LR882275,S,615,V,L
LR882276,S,614,D,G
LR882276,S,1058,H,Y
LR882277,S,614,D,G
LR882278,S,614,D,G
LR882279,S,614,D,G
LR882280,S,80,D,Y
LR882280,S,614,D,G
LR882281,S,614,D,G
LR882282,S,614,D,G
LR882283,S,614,D,G
LR882284,S,614,D,G
LR882285,S,614,D,G
LR882286,S,49,H,Y
LR882286,S,614,D,G
LR882287,S,614,D,G
LR882288,S,614,D,G
LR882288,S,626,A,S
LR882289,S,614,D,G
LR882290,S,614,D,G
LR882292,S,614,D,G
LR882294,S,222,A,V
LR882294,S,614,D,G
LR882295,S,614,D,G
LR882296,S,614,D,G
LR882297,S,614,D,G
LR882298,S,614,D,G
LR882299,S,614,D,G
LR882300,S,80,D,Y
LR882300,S,614,D,G
LR882301,S,614,D,G
LR882302,S,439,N,K
LR882302,S,614,D,G
LR882303,S,614,D,G
LR882303,S,688,A,V
LR882304,S,614,D,G
LR882305,S,614,D,G
LR882306,S,614,D,G
LR882307,S,439,N,K
LR882307,S,614,D,G
LR882308,S,222,A,V
LR882308,S,614,D,G
LR882309,S,614,D,G
LR882310,S,614,D,G
LR882311,S,614,D,G
LR882313,S,614,D,G
LR882314,S,614,D,G
LR882315,S,614,D,G
LR882316,S,614,D,G
LR882317,S,614,D,G
LR882318,S,299,T,I
LR882318,S,614,D,G
LR882319,S,299,T,I
LR882319,S,614,D,G
LR882320,S,439,N,K
LR882320,S,614,D,G
LR882321,S,299,T,I
LR882321,S,614,D,G
LR882322,S,439,N,K
LR882322,S,614,D,G
LR882323,S,614,D,G
LR882324,S,614,D,G
LR882325,S,614,D,G
LR882326,S,614,D,G
LR882327,S,614,D,G
LR882328,S,614,D,G
LR882329,S,614,D,G
LR882330,S,49,H,Y
LR882330,S,614,D,G
LR882330,S,1203,L,F
LR882331,S,614,D,G
LR882332,S,614,D,G
LR882333,S,614,D,G
LR882333,S,688,A,S
LR882334,S,439,N,K
LR882334,S,614,D,G
LR882335,S,614,D,G
LR882336,S,614,D,G
LR882337,S,299,T,I
LR882337,S,614,D,G
LR882338,S,614,D,G
LR882338,S,1020,A,V
LR882339,S,614,D,G
LR882340,S,614,D,G
LR882341,S,614,D,G
LR882342,S,222,A,V
LR882342,S,614,D,G
LR882343,S,614,D,G
LR882344,S,614,D,G
LR882345,S,614,D,G
LR882346,S,338,F,L
LR882346,S,614,D,G
LR882347,S,222,A,V
LR882347,S,614,D,G
LR882348,S,614,D,G
LR882349,S,529,K,R
LR882349,S,614,D,G
LR882350,S,614,D,G
LR882351,S,614,D,G
LR882352,S,614,D,G
LR882353,S,614,D,G
LR882354,S,614,D,G
LR882354,S,1251,G,V
LR882355,S,614,D,G
LR882356,S,614,D,G
LR882357,S,90,V,F
LR882357,S,614,D,G
LR882358,S,614,D,G
LR882359,S,614,D,G
LR882360,S,614,D,G
LR882361,S,614,D,G
LR882362,S,614,D,G
LR882362,S,723,T,I
LR882363,S,614,D,G
LR882364,S,614,D,G
LR882365,S,614,D,G
LR882366,S,5,L,F
LR882366,S,459,S,Y
LR882366,S,614,D,G
LR882366,S,1229,M,I
LR882368,S,80,D,Y
LR882368,S,614,D,G
LR882369,S,614,D,G
LR882370,S,5,L,F
LR882370,S,80,D,Y
LR882370,S,614,D,G
LR882371,S,614,D,G
LR882372,S,614,D,G
LR882372,S,1162,P,S
LR882373,S,614,D,G
LR882374,S,222,A,V
LR882374,S,614,D,G
LR882380,S,614,D,G
LR882381,S,477,S,N
LR882381,S,614,D,G
LR882382,S,614,D,G
LR882383,S,352,A,S
LR882383,S,614,D,G
LR882384,S,272,P,L
LR882384,S,614,D,G
LR882385,S,5,L,F
LR882385,S,70,V,F
LR882385,S,614,D,G
LR882386,S,80,D,Y
LR882386,S,439,N,K
LR882386,S,614,D,G
LR882387,S,614,D,G
LR882388,S,614,D,G
LR882389,S,614,D,G
LR882390,S,614,D,G
LR882391,S,222,A,V
LR882391,S,272,P,L
LR882391,S,614,D,G
LR882392,S,614,D,G
LR882394,S,222,A,V
LR882394,S,614,D,G
LR882395,S,477,S,N
LR882395,S,614,D,G
LR882396,S,614,D,G
LR882397,S,222,A,V
LR882397,S,614,D,G
LR882398,S,80,D,Y
LR882398,S,614,D,G
LR882400,S,222,A,V
LR882400,S,614,D,G
LR882401,S,477,S,N
LR882401,S,614,D,G
LR882402,S,477,S,N
LR882402,S,614,D,G
LR882403,S,477,S,N
LR882403,S,614,D,G
LR882404,S,477,S,N
LR882404,S,614,D,G
LR882404,S,1104,V,L
LR882405,S,614,D,G
LR882406,S,80,D,Y
LR882406,S,614,D,G
LR882407,S,222,A,V
LR882407,S,614,D,G
LR882408,S,477,S,N
LR882408,S,614,D,G
LR882409,S,614,D,G
LR882409,S,731,M,I
LR882412,S,614,D,G
LR882412,S,723,T,I
LR882413,S,222,A,V
LR882413,S,614,D,G
LR882414,S,614,D,G
LR882415,S,477,S,N
LR882415,S,614,D,G
LR882416,S,614,D,G
LR882417,S,614,D,G
LR882418,S,614,D,G
LR882419,S,80,D,Y
LR882419,S,614,D,G
LR882420,S,222,A,V
LR882420,S,614,D,G
LR882421,S,477,S,N
LR882421,S,614,D,G
LR882422,S,477,S,N
LR882422,S,614,D,G
LR882423,S,477,S,N
LR882423,S,614,D,G
LR882424,S,477,S,N
LR882424,S,614,D,G
LR882427,S,222,A,V
LR882427,S,614,D,G
LR882429,S,222,A,V
LR882429,S,614,D,G
LR882430,S,614,D,G
LR882432,S,80,D,Y
LR882432,S,614,D,G
LR882434,S,477,S,N
LR882434,S,614,D,G
LR882435,S,80,D,Y
LR882435,S,614,D,G
LR882436,S,614,D,G
LR882437,S,80,D,Y
LR882437,S,614,D,G
LR882438,S,222,A,V
LR882438,S,272,P,L
LR882438,S,614,D,G
LR882439,S,614,D,G
LR882440,S,614,D,G
LR882441,S,5,L,F
LR882441,S,80,D,Y
LR882441,S,614,D,G
LR882442,S,222,A,V
LR882442,S,272,P,L
LR882442,S,614,D,G
LR882445,S,80,D,Y
LR882445,S,614,D,G
LR882446,S,222,A,V
LR882446,S,272,P,L
LR882446,S,614,D,G
LR882447,S,614,D,G
LR882447,S,677,Q,H
LR882448,S,614,D,G
LR882448,S,846,A,V
LR882449,S,614,D,G
LR882450,S,477,S,N
LR882450,S,614,D,G
LR882451,S,477,S,N
LR882451,S,614,D,G
LR882452,S,614,D,G
LR882452,S,814,K,T
LR882453,S,614,D,G
LR882453,S,723,T,I
LR882454,S,222,A,V
LR882454,S,614,D,G
LR882455,S,5,L,F
LR882455,S,80,D,Y
LR882455,S,614,D,G
LR882456,S,477,S,N
LR882456,S,614,D,G
LR882457,S,477,S,N
LR882457,S,614,D,G
LR882458,S,477,S,N
LR882458,S,614,D,G
LR882459,S,614,D,G
LR882461,S,222,A,V
LR882461,S,614,D,G
LR882462,S,614,D,G
LR882463,S,222,A,V
LR882463,S,614,D,G
LR882464,S,222,A,V
LR882464,S,614,D,G
LR882465,S,222,A,V
LR882465,S,614,D,G
LR882466,S,614,D,G
LR882467,S,477,S,N
LR882467,S,614,D,G
LR882468,S,614,D,G
LR882469,S,222,A,V
LR882469,S,614,D,G
LR882470,S,614,D,G
LR882471,S,614,D,G
LR882472,S,477,S,N
LR882472,S,614,D,G
LR882473,S,614,D,G
LR882474,S,222,A,V
LR882474,S,272,P,L
LR882474,S,614,D,G
LR882476,S,614,D,G
LR882477,S,222,A,V
LR882477,S,272,P,L
LR882477,S,614,D,G
LR882478,S,222,A,V
LR882478,S,614,D,G
LR882479,S,80,D,Y
LR882479,S,614,D,G
LR882480,S,439,N,K
LR882480,S,614,D,G
LR882481,S,222,A,V
LR882481,S,614,D,G
LR882482,S,614,D,G
LR882482,S,677,Q,H
LR882484,S,477,S,N
LR882484,S,614,D,G
LR882485,S,3,V,G
LR882485,S,5,L,F
LR882485,S,614,D,G
LR882486,S,477,S,N
LR882486,S,614,D,G
LR882487,S,614,D,G
LR882487,S,677,Q,H
LR882488,S,222,A,V
LR882488,S,272,P,L
LR882488,S,614,D,G
LR882489,S,222,A,V
LR882489,S,614,D,G
LR882490,S,222,A,V
LR882490,S,614,D,G
LR882491,S,80,D,Y
LR882491,S,614,D,G
LR882492,S,222,A,V
LR882492,S,614,D,G
MW042923,S,614,D,G
MW042924,S,614,D,G
MW042925,S,614,D,G
MW042925,S,1219,G,C
LR882086,orf2b,19,L,F
LR882098,orf2b,19,L,F
LR882111,orf2b,19,L,F
LR882134,orf2b,19,L,F
LR882165,orf2b,19,L,F
LR882187,orf2b,19,L,F
LR882228,orf2b,19,L,F
LR882263,orf2b,19,L,F
LR882280,orf2b,19,L,F
LR882300,orf2b,19,L,F
LR882368,orf2b,19,L,F
LR882370,orf2b,19,L,F
LR882385,orf2b,9,M,I
LR882386,orf2b,19,L,F
LR882398,orf2b,19,L,F
LR882406,orf2b,19,L,F
LR882419,orf2b,19,L,F
LR882432,orf2b,19,L,F
LR882435,orf2b,19,L,F
LR882437,orf2b,19,L,F
LR882441,orf2b,19,L,F
LR882445,orf2b,19,L,F
LR882455,orf2b,19,L,F
LR882479,orf2b,19,L,F
LR882491,orf2b,19,L,F
LR882084,orf3a,57,Q,H
LR882086,orf3a,57,Q,H
LR882088,orf3a,57,Q,H
LR882091,orf3a,57,Q,H
LR882092,orf3a,57,Q,H
LR882093,orf3a,57,Q,H
LR882094,orf3a,53,L,F
LR882096,orf3a,57,Q,H
LR882096,orf3a,202,V,L
LR882097,orf3a,185,Q,H
LR882098,orf3a,57,Q,H
LR882102,orf3a,57,Q,H
LR882104,orf3a,57,Q,H
LR882104,orf3a,224,G,C
LR882107,orf3a,57,Q,H
LR882109,orf3a,131,W,C
LR882118,orf3a,57,Q,H
LR882119,orf3a,57,Q,H
LR882123,orf3a,57,Q,H
LR882125,orf3a,57,Q,H
LR882134,orf3a,57,Q,H
LR882136,orf3a,68,R,I
LR882137,orf3a,57,Q,H
LR882154,orf3a,108,L,V
LR882156,orf3a,57,Q,H
LR882158,orf3a,131,W,C
LR882160,orf3a,57,Q,H
LR882165,orf3a,57,Q,H
LR882166,orf3a,36,P,S
LR882171,orf3a,57,Q,H
LR882172,orf3a,192,K,E
LR882173,orf3a,192,K,E
LR882178,orf3a,36,P,S
LR882183,orf3a,156,Y,C
LR882187,orf3a,57,Q,H
LR882201,orf3a,36,P,S
LR882216,orf3a,151,T,I
LR882219,orf3a,36,P,S
LR882228,orf3a,57,Q,H
LR882230,orf3a,16,K,T
LR882234,orf3a,156,Y,C
LR882238,orf3a,151,T,I
LR882263,orf3a,57,Q,H
LR882268,orf3a,147,L,F
LR882280,orf3a,57,Q,H
LR882284,orf3a,260,M,I
LR882296,orf3a,260,M,I
LR882300,orf3a,57,Q,H
LR882303,orf3a,34,T,A
LR882304,orf3a,100,G,C
LR882310,orf3a,260,M,I
LR882311,orf3a,275,L,F
LR882343,orf3a,151,T,I
LR882348,orf3a,36,P,S
LR882349,orf3a,26,S,P
LR882349,orf3a,57,Q,H
LR882355,orf3a,27,D,Y
LR882357,orf3a,33,A,S
LR882357,orf3a,39,A,T
LR882362,orf3a,57,Q,H
LR882365,orf3a,36,P,S
LR882366,orf3a,254,G,_
LR882368,orf3a,57,Q,H
LR882370,orf3a,57,Q,H
LR882373,orf3a,36,P,S
LR882381,orf3a,57,Q,H
LR882382,orf3a,13,V,L
LR882382,orf3a,202,V,I
LR882383,orf3a,147,L,F
LR882384,orf3a,67,K,N
LR882387,orf3a,57,Q,H
LR882387,orf3a,165,S,F
LR882395,orf3a,57,Q,H
LR882398,orf3a,57,Q,H
LR882401,orf3a,57,Q,H
LR882402,orf3a,57,Q,H
LR882403,orf3a,57,Q,H
LR882404,orf3a,57,Q,H
LR882406,orf3a,57,Q,H
LR882408,orf3a,57,Q,H
LR882412,orf3a,57,Q,H
LR882415,orf3a,57,Q,H
LR882418,orf3a,57,Q,H
LR882418,orf3a,165,S,F
LR882419,orf3a,57,Q,H
LR882421,orf3a,57,Q,H
LR882422,orf3a,57,Q,H
LR882423,orf3a,57,Q,H
LR882424,orf3a,57,Q,H
LR882432,orf3a,57,Q,H
LR882434,orf3a,57,Q,H
LR882435,orf3a,57,Q,H
LR882437,orf3a,57,Q,H
LR882441,orf3a,57,Q,H
LR882445,orf3a,57,Q,H
LR882450,orf3a,57,Q,H
LR882451,orf3a,57,Q,H
LR882453,orf3a,57,Q,H
LR882455,orf3a,57,Q,H
LR882456,orf3a,57,Q,H
LR882457,orf3a,57,Q,H
LR882458,orf3a,57,Q,H
LR882459,orf3a,260,M,K
LR882464,orf3a,142,D,H
LR882467,orf3a,57,Q,H
LR882470,orf3a,78,H,Y
LR882472,orf3a,57,Q,H
LR882476,orf3a,57,Q,H
LR882476,orf3a,165,S,F
LR882479,orf3a,57,Q,H
LR882484,orf3a,57,Q,H
LR882486,orf3a,57,Q,H
LR882491,orf3a,57,Q,H
MW042924,orf3a,29,V,F
MW042924,orf3a,49,G,C
LR882183,orf3b,16,I,V
LR882209,orf3b,4,T,I
LR882234,orf3b,16,I,V
LR882464,orf3b,1,M,I
LR882084,orf3c,36,R,I
LR882086,orf3c,36,R,I
LR882088,orf3c,36,R,I
LR882091,orf3c,36,R,I
LR882092,orf3c,36,R,I
LR882093,orf3c,36,R,I
LR882096,orf3c,36,R,I
LR882098,orf3c,36,R,I
LR882101,orf3c,15,R,Q
LR882102,orf3c,36,R,I
LR882104,orf3c,36,R,I
LR882107,orf3c,36,R,I
LR882111,orf3c,13,R,L
LR882115,orf3c,15,R,Q
LR882118,orf3c,36,R,I
LR882119,orf3c,36,R,I
LR882123,orf3c,36,R,I
LR882125,orf3c,36,R,I
LR882134,orf3c,36,R,I
LR882137,orf3c,36,R,I
LR882156,orf3c,36,R,I
LR882160,orf3c,36,R,I
LR882165,orf3c,36,R,I
LR882171,orf3c,36,R,I
LR882187,orf3c,36,R,I
LR882228,orf3c,36,R,I
LR882263,orf3c,36,R,I
LR882280,orf3c,36,R,I
LR882282,orf3c,39,P,L
LR882300,orf3c,36,R,I
LR882349,orf3c,36,R,I
LR882355,orf3c,5,Q,H
LR882362,orf3c,36,R,I
LR882368,orf3c,36,R,I
LR882370,orf3c,36,R,I
LR882381,orf3c,36,R,I
LR882386,orf3c,13,R,L
LR882387,orf3c,36,R,I
LR882395,orf3c,36,R,I
LR882398,orf3c,36,R,I
LR882401,orf3c,36,R,I
LR882402,orf3c,36,R,I
LR882403,orf3c,36,R,I
LR882404,orf3c,36,R,I
LR882405,orf3c,15,R,Q
LR882406,orf3c,36,R,I
LR882408,orf3c,36,R,I
LR882412,orf3c,36,R,I
LR882415,orf3c,36,R,I
LR882418,orf3c,36,R,I
LR882419,orf3c,36,R,I
LR882421,orf3c,36,R,I
LR882422,orf3c,36,R,I
LR882423,orf3c,36,R,I
LR882424,orf3c,36,R,I
LR882432,orf3c,22,S,L
LR882432,orf3c,36,R,I
LR882434,orf3c,36,R,I
LR882435,orf3c,36,R,I
LR882437,orf3c,36,R,I
LR882441,orf3c,36,R,I
LR882445,orf3c,36,R,I
LR882449,orf3c,15,R,Q
LR882450,orf3c,36,R,I
LR882451,orf3c,36,R,I
LR882453,orf3c,36,R,I
LR882455,orf3c,36,R,I
LR882456,orf3c,36,R,I
LR882457,orf3c,36,R,I
LR882458,orf3c,36,R,I
LR882466,orf3c,15,R,Q
LR882467,orf3c,36,R,I
LR882468,orf3c,15,R,Q
LR882472,orf3c,36,R,I
LR882476,orf3c,36,R,I
LR882479,orf3c,36,R,I
LR882480,orf3c,13,R,L
LR882484,orf3c,36,R,I
LR882485,orf3c,6,I,T
LR882486,orf3c,36,R,I
LR882491,orf3c,36,R,I
MW042924,orf3c,7,L,F
MW042924,orf3c,27,L,F
LR882084,orf3d,14,E,_
LR882086,orf3d,14,E,_
LR882088,orf3d,14,E,_
LR882091,orf3d,14,E,_
LR882092,orf3d,14,E,_
LR882093,orf3d,14,E,_
LR882094,orf3d,9,S,F
LR882096,orf3d,14,E,_
LR882098,orf3d,14,E,_
LR882102,orf3d,14,E,_
LR882104,orf3d,14,E,_
LR882107,orf3d,14,E,_
LR882118,orf3d,14,E,_
LR882119,orf3d,14,E,_
LR882123,orf3d,14,E,_
LR882125,orf3d,14,E,_
LR882134,orf3d,14,E,_
LR882136,orf3d,24,E,D
LR882137,orf3d,14,E,_
LR882156,orf3d,14,E,_
LR882160,orf3d,14,E,_
LR882165,orf3d,14,E,_
LR882171,orf3d,14,E,_
LR882187,orf3d,14,E,_
LR882228,orf3d,14,E,_
LR882230,orf3d,22,Q,_
LR882263,orf3d,14,E,_
LR882280,orf3d,14,E,_
LR882282,orf3d,17,Q,_
LR882300,orf3d,14,E,_
LR882304,orf3d,56,W,L
LR882349,orf3d,14,E,_
LR882362,orf3d,14,E,_
LR882368,orf3d,14,E,_
LR882370,orf3d,14,E,_
LR882381,orf3d,14,E,_
LR882384,orf3d,24,E,_
LR882387,orf3d,14,E,_
LR882395,orf3d,14,E,_
LR882398,orf3d,14,E,_
LR882401,orf3d,14,E,_
LR882402,orf3d,14,E,_
LR882403,orf3d,14,E,_
LR882404,orf3d,14,E,_
LR882406,orf3d,14,E,_
LR882408,orf3d,14,E,_
LR882412,orf3d,14,E,_
LR882415,orf3d,14,E,_
LR882418,orf3d,14,E,_
LR882419,orf3d,14,E,_
LR882421,orf3d,14,E,_
LR882422,orf3d,14,E,_
LR882423,orf3d,14,E,_
LR882424,orf3d,14,E,_
LR882432,orf3d,14,E,_
LR882434,orf3d,14,E,_
LR882435,orf3d,14,E,_
LR882437,orf3d,14,E,_
LR882441,orf3d,14,E,_
LR882445,orf3d,14,E,_
LR882450,orf3d,14,E,_
LR882451,orf3d,14,E,_
LR882453,orf3d,14,E,_
LR882455,orf3d,14,E,_
LR882456,orf3d,14,E,_
LR882457,orf3d,14,E,_
LR882458,orf3d,14,E,_
LR882467,orf3d,14,E,_
LR882470,orf3d,34,S,L
LR882472,orf3d,14,E,_
LR882476,orf3d,14,E,_
LR882479,orf3d,14,E,_
LR882484,orf3d,14,E,_
LR882486,orf3d,14,E,_
LR882491,orf3d,14,E,_
MW042924,orf3d,5,W,L
LR882304,orf3d-2,32,W,L
LR882470,orf3d-2,10,S,L
LR882199,E,49,V,L
LR882200,E,68,S,F
LR882100,M,60,V,L
LR882106,M,138,L,I
LR882126,M,60,V,L
LR882127,M,60,V,L
LR882152,M,60,V,L
LR882155,M,60,V,L
LR882159,M,138,L,I
LR882161,M,60,V,L
LR882167,M,60,V,L
LR882169,M,155,H,Y
LR882175,M,38,A,S
LR882185,M,60,V,L
LR882189,M,60,V,L
LR882193,M,60,V,L
LR882213,M,60,V,L
LR882227,M,60,V,L
LR882233,M,60,V,L
LR882234,M,38,A,S
LR882260,M,60,V,L
LR882275,M,60,V,L
LR882279,M,60,V,L
LR882283,M,60,V,L
LR882286,M,60,V,L
LR882316,M,60,V,L
LR882329,M,60,V,L
LR882330,M,60,V,L
LR882364,M,60,V,L
LR882385,M,60,V,L
LR882388,M,60,V,L
LR882389,M,60,V,L
LR882117,orf6,33,I,T
LR882084,orf7a,14,T,I
LR882086,orf7a,80,R,I
LR882087,orf7a,121,E,V
LR882088,orf7a,14,T,I
LR882089,orf7a,121,E,V
LR882091,orf7a,14,T,I
LR882092,orf7a,14,T,I
LR882096,orf7a,14,T,I
LR882098,orf7a,80,R,I
LR882102,orf7a,14,T,I
LR882116,orf7a,39,T,I
LR882118,orf7a,14,T,I
LR882119,orf7a,14,T,I
LR882123,orf7a,14,T,I
LR882125,orf7a,14,T,I
LR882134,orf7a,80,R,I
LR882138,orf7a,121,E,V
LR882140,orf7a,121,E,V
LR882147,orf7a,121,E,V
LR882150,orf7a,121,E,V
LR882165,orf7a,80,R,I
LR882165,orf7a,116,L,F
LR882176,orf7a,3,I,L
LR882187,orf7a,80,R,I
LR882228,orf7a,80,R,I
LR882263,orf7a,80,R,I
LR882280,orf7a,80,R,I
LR882298,orf7a,116,L,V
LR882300,orf7a,80,R,I
LR882321,orf7a,60,S,I
LR882323,orf7a,5,L,I
LR882368,orf7a,80,R,I
LR882370,orf7a,80,R,I
LR882374,orf7a,121,E,V
LR882400,orf7a,121,E,V
LR882402,orf7a,14,T,I
LR882406,orf7a,80,R,I
LR882413,orf7a,121,E,V
LR882419,orf7a,80,R,I
LR882423,orf7a,14,T,I
LR882427,orf7a,121,E,V
LR882430,orf7a,57,T,I
LR882432,orf7a,80,R,I
LR882435,orf7a,80,R,I
LR882437,orf7a,80,R,I
LR882441,orf7a,80,R,I
LR882445,orf7a,80,R,I
LR882455,orf7a,80,R,I
LR882458,orf7a,14,T,I
LR882461,orf7a,121,E,V
LR882463,orf7a,121,E,V
LR882469,orf7a,121,E,V
LR882471,orf7a,5,L,I
LR882472,orf7a,14,T,I
LR882478,orf7a,121,E,V
LR882479,orf7a,80,R,I
LR882484,orf7a,14,T,I
LR882486,orf7a,14,T,I
LR882491,orf7a,80,R,I
LR882153,orf7b,4,L,F
LR882160,orf7b,41,C,F
LR882207,orf7b,4,L,F
LR882248,orf7b,4,L,F
LR882289,orf7b,20,L,F
LR882295,orf7b,20,L,F
LR882324,orf7b,4,L,F
LR882341,orf7b,4,L,F
LR882369,orf7b,4,L,F
LR882437,orf7b,34,L,M
LR882099,orf8,32,V,L
LR882142,orf8,10,I,F
LR882205,orf8,55,A,T
LR882212,orf8,62,V,L
LR882215,orf8,55,A,T
LR882220,orf8,37,C,F
LR882235,orf8,55,A,T
LR882268,orf8,62,V,L
LR882305,orf8,62,V,L
LR882349,orf8,3,F,S
LR882361,orf8,62,V,L
LR882372,orf8,55,A,T
LR882388,orf8,27,Q,_
LR882409,orf8,32,V,L
LR882430,orf8,37,C,F
LR882430,orf8,56,P,S
LR882430,orf8,62,V,L
LR882081,N,145,H,Y
LR882081,N,220,A,V
LR882081,N,401,D,Y
LR882082,N,220,A,V
LR882083,N,194,S,L
LR882084,N,234,M,I
LR882084,N,376,A,T
LR882085,N,145,H,Y
LR882085,N,220,A,V
LR882086,N,186,S,Y
LR882086,N,377,D,Y
LR882087,N,144,D,H
LR882087,N,220,A,V
LR882088,N,234,M,I
LR882088,N,376,A,T
LR882089,N,220,A,V
LR882090,N,203,R,K
LR882090,N,204,G,R
LR882091,N,234,M,I
LR882091,N,376,A,T
LR882092,N,234,M,I
LR882092,N,376,A,T
LR882093,N,234,M,I
LR882093,N,376,A,T
LR882093,N,385,R,K
LR882094,N,205,T,I
LR882094,N,234,M,I
LR882095,N,220,A,V
LR882096,N,234,M,I
LR882096,N,376,A,T
LR882097,N,334,T,I
LR882098,N,186,S,Y
LR882098,N,377,D,Y
LR882099,N,203,R,K
LR882099,N,204,G,R
LR882100,N,34,G,W
LR882100,N,203,R,K
LR882100,N,204,G,R
LR882101,N,72,V,I
LR882101,N,199,P,S
LR882101,N,203,R,K
LR882101,N,204,G,R
LR882102,N,234,M,I
LR882102,N,376,A,T
LR882103,N,220,A,V
LR882104,N,234,M,I
LR882104,N,376,A,T
LR882105,N,194,S,L
LR882107,N,234,M,I
LR882107,N,376,A,T
LR882108,N,203,R,K
LR882108,N,204,G,R
LR882109,N,220,A,V
LR882110,N,203,R,K
LR882110,N,204,G,R
LR882112,N,203,R,K
LR882112,N,204,G,R
LR882113,N,72,V,I
LR882113,N,199,P,S
LR882113,N,203,R,K
LR882113,N,204,G,R
LR882114,N,220,A,V
LR882115,N,72,V,I
LR882115,N,199,P,S
LR882115,N,203,R,K
LR882115,N,204,G,R
LR882116,N,203,R,K
LR882116,N,204,G,R
LR882117,N,203,R,K
LR882117,N,204,G,R
LR882117,N,292,I,T
LR882118,N,234,M,I
LR882118,N,376,A,T
LR882119,N,234,M,I
LR882119,N,376,A,T
LR882121,N,220,A,V
LR882122,N,220,A,V
LR882123,N,234,M,I
LR882123,N,376,A,T
LR882124,N,203,R,K
LR882124,N,204,G,R
LR882125,N,234,M,I
LR882125,N,376,A,T
LR882126,N,203,R,K
LR882126,N,204,G,R
LR882126,N,359,A,S
LR882127,N,203,R,K
LR882127,N,204,G,R
LR882127,N,359,A,S
LR882128,N,203,R,K
LR882128,N,204,G,R
LR882128,N,371,D,Y
LR882129,N,220,A,V
LR882130,N,220,A,V
LR882131,N,203,R,K
LR882131,N,204,G,R
LR882132,N,220,A,V
LR882133,N,220,A,V
LR882134,N,186,S,Y
LR882134,N,377,D,Y
LR882135,N,145,H,Y
LR882135,N,220,A,V
LR882136,N,80,P,L
LR882136,N,220,A,V
LR882137,N,234,M,I
LR882137,N,376,A,T
LR882138,N,220,A,V
LR882139,N,203,R,K
LR882139,N,204,G,R
LR882140,N,144,D,H
LR882140,N,220,A,V
LR882141,N,220,A,V
LR882142,N,203,R,K
LR882142,N,204,G,R
LR882142,N,211,A,V
LR882143,N,203,R,K
LR882143,N,204,G,R
LR882144,N,203,R,K
LR882144,N,204,G,R
LR882145,N,18,G,C
LR882145,N,203,R,K
LR882145,N,204,G,R
LR882146,N,203,R,K
LR882146,N,204,G,R
LR882147,N,220,A,V
LR882148,N,220,A,V
LR882150,N,220,A,V
LR882151,N,203,R,K
LR882151,N,204,G,R
LR882152,N,203,R,K
LR882152,N,204,G,R
LR882153,N,207,P,L
LR882154,N,203,R,K
LR882154,N,204,G,R
LR882155,N,203,R,K
LR882155,N,204,G,R
LR882156,N,186,S,Y
LR882156,N,377,D,Y
LR882157,N,203,R,K
LR882157,N,204,G,R
LR882160,N,234,M,I
LR882160,N,376,A,T
LR882161,N,203,R,K
LR882161,N,204,G,R
LR882162,N,203,R,K
LR882162,N,204,G,R
LR882163,N,72,V,I
LR882163,N,199,P,S
LR882163,N,203,R,K
LR882163,N,204,G,R
LR882164,N,194,S,L
LR882165,N,186,S,Y
LR882165,N,377,D,Y
LR882166,N,187,S,L
LR882166,N,203,R,K
LR882166,N,204,G,R
LR882167,N,203,R,K
LR882167,N,204,G,R
LR882168,N,203,R,K
LR882168,N,204,G,R
LR882169,N,203,R,K
LR882169,N,204,G,R
LR882170,N,72,V,I
LR882170,N,199,P,S
LR882170,N,203,R,K
LR882170,N,204,G,R
LR882171,N,229,Q,R
LR882172,N,203,R,K
LR882172,N,204,G,R
LR882173,N,203,R,K
LR882173,N,204,G,R
LR882174,N,72,V,I
LR882174,N,199,P,S
LR882174,N,203,R,K
LR882174,N,204,G,R
LR882175,N,203,R,K
LR882175,N,204,G,R
LR882176,N,203,R,K
LR882176,N,204,G,R
LR882177,N,72,V,I
LR882177,N,199,P,S
LR882177,N,203,R,K
LR882177,N,204,G,R
LR882178,N,187,S,L
LR882178,N,203,R,K
LR882178,N,204,G,R
LR882179,N,203,R,K
LR882179,N,204,G,R
LR882180,N,72,V,I
LR882180,N,199,P,S
LR882180,N,203,R,K
LR882180,N,204,G,R
LR882181,N,203,R,K
LR882181,N,204,G,R
LR882182,N,72,V,I
LR882182,N,199,P,S
LR882182,N,203,R,K
LR882182,N,204,G,R
LR882183,N,9,Q,H
LR882183,N,203,R,K
LR882183,N,204,G,R
LR882184,N,203,R,K
LR882184,N,204,G,R
LR882185,N,203,R,K
LR882185,N,204,G,R
LR882186,N,72,V,I
LR882186,N,199,P,S
LR882186,N,203,R,K
LR882186,N,204,G,R
LR882187,N,186,S,Y
LR882187,N,377,D,Y
LR882188,N,215,G,V
LR882189,N,203,R,K
LR882189,N,204,G,R
LR882190,N,203,R,K
LR882190,N,204,G,R
LR882191,N,203,R,K
LR882191,N,204,G,R
LR882191,N,412,S,R
LR882192,N,203,R,K
LR882192,N,204,G,R
LR882193,N,203,R,K
LR882193,N,204,G,R
LR882194,N,203,R,K
LR882194,N,204,G,R
LR882195,N,203,R,K
LR882195,N,204,G,R
LR882196,N,203,R,K
LR882196,N,204,G,R
LR882197,N,215,G,V
LR882198,N,72,V,I
LR882198,N,199,P,S
LR882198,N,203,R,K
LR882198,N,204,G,R
LR882199,N,203,R,K
LR882199,N,204,G,R
LR882201,N,187,S,L
LR882201,N,203,R,K
LR882201,N,204,G,R
LR882203,N,203,R,K
LR882203,N,204,G,R
LR882204,N,203,R,K
LR882204,N,204,G,R
LR882205,N,103,D,Y
LR882205,N,203,R,K
LR882205,N,204,G,R
LR882206,N,194,S,L
LR882207,N,207,P,L
LR882209,N,203,R,K
LR882209,N,204,G,R
LR882209,N,380,Q,H
LR882210,N,215,G,V
LR882211,N,203,R,K
LR882211,N,204,G,R
LR882212,N,203,R,K
LR882212,N,204,G,R
LR882213,N,203,R,K
LR882213,N,204,G,R
LR882214,N,72,V,I
LR882214,N,199,P,S
LR882214,N,203,R,K
LR882214,N,204,G,R
LR882215,N,203,R,K
LR882215,N,204,G,R
LR882216,N,72,V,I
LR882216,N,90,A,T
LR882216,N,199,P,S
LR882216,N,203,R,K
LR882216,N,204,G,R
LR882217,N,72,V,I
LR882217,N,199,P,S
LR882217,N,203,R,K
LR882217,N,204,G,R
LR882218,N,9,Q,H
LR882218,N,203,R,K
LR882218,N,204,G,R
LR882219,N,187,S,L
LR882219,N,203,R,K
LR882219,N,204,G,R
LR882220,N,203,R,K
LR882220,N,204,G,R
LR882221,N,203,R,K
LR882221,N,204,G,R
LR882222,N,72,V,I
LR882222,N,199,P,S
LR882222,N,203,R,K
LR882222,N,204,G,R
LR882223,N,203,R,K
LR882223,N,204,G,R
LR882224,N,203,R,K
LR882224,N,204,G,R
LR882225,N,72,V,I
LR882225,N,199,P,S
LR882225,N,203,R,K
LR882225,N,204,G,R
LR882226,N,72,V,I
LR882226,N,199,P,S
LR882226,N,203,R,K
LR882226,N,204,G,R
LR882227,N,203,R,K
LR882227,N,204,G,R
LR882228,N,186,S,Y
LR882228,N,377,D,Y
LR882229,N,194,S,L
LR882230,N,203,R,K
LR882230,N,204,G,R
LR882231,N,203,R,K
LR882231,N,204,G,R
LR882232,N,194,S,L
LR882233,N,34,G,W
LR882233,N,203,R,K
LR882233,N,204,G,R
LR882234,N,203,R,K
LR882234,N,204,G,R
LR882235,N,203,R,K
LR882235,N,204,G,R
LR882236,N,203,R,K
LR882236,N,204,G,R
LR882237,N,72,V,I
LR882237,N,199,P,S
LR882237,N,203,R,K
LR882237,N,204,G,R
LR882238,N,72,V,I
LR882238,N,90,A,T
LR882238,N,199,P,S
LR882238,N,203,R,K
LR882238,N,204,G,R
LR882239,N,203,R,K
LR882239,N,204,G,R
LR882240,N,203,R,K
LR882240,N,204,G,R
LR882241,N,72,V,I
LR882241,N,199,P,S
LR882241,N,203,R,K
LR882241,N,204,G,R
LR882242,N,72,V,I
LR882242,N,199,P,S
LR882242,N,203,R,K
LR882242,N,204,G,R
LR882243,N,25,G,C
LR882243,N,72,V,I
LR882243,N,199,P,S
LR882243,N,203,R,K
LR882243,N,204,G,R
LR882244,N,203,R,K
LR882244,N,204,G,R
LR882245,N,220,A,V
LR882246,N,72,V,I
LR882246,N,199,P,S
LR882246,N,203,R,K
LR882246,N,204,G,R
LR882247,N,72,V,I
LR882247,N,199,P,S
LR882247,N,203,R,K
LR882247,N,204,G,R
LR882248,N,207,P,L
LR882249,N,101,M,I
LR882249,N,203,R,K
LR882249,N,204,G,R
LR882250,N,203,R,K
LR882250,N,204,G,R
LR882251,N,72,V,I
LR882251,N,199,P,S
LR882251,N,203,R,K
LR882251,N,204,G,R
LR882252,N,72,V,I
LR882252,N,199,P,S
LR882252,N,203,R,K
LR882252,N,204,G,R
LR882253,N,72,V,I
LR882253,N,199,P,S
LR882253,N,203,R,K
LR882253,N,204,G,R
LR882254,N,215,G,V
LR882255,N,72,V,I
LR882255,N,199,P,S
LR882255,N,203,R,K
LR882255,N,204,G,R
LR882256,N,203,R,K
LR882256,N,204,G,R
LR882257,N,215,G,V
LR882258,N,203,R,K
LR882258,N,204,G,R
LR882259,N,203,R,K
LR882259,N,204,G,R
LR882260,N,203,R,K
LR882260,N,204,G,R
LR882261,N,203,R,K
LR882261,N,204,G,R
LR882262,N,203,R,K
LR882262,N,204,G,R
LR882263,N,186,S,Y
LR882263,N,377,D,Y
LR882264,N,215,G,V
LR882265,N,72,V,I
LR882265,N,199,P,S
LR882265,N,203,R,K
LR882265,N,204,G,R
LR882266,N,220,A,V
LR882267,N,72,V,I
LR882267,N,199,P,S
LR882267,N,203,R,K
LR882267,N,204,G,R
LR882268,N,203,R,K
LR882268,N,204,G,R
LR882269,N,72,V,I
LR882269,N,199,P,S
LR882269,N,203,R,K
LR882269,N,204,G,R
LR882270,N,203,R,K
LR882270,N,204,G,R
LR882271,N,72,V,I
LR882271,N,199,P,S
LR882271,N,203,R,K
LR882271,N,204,G,R
LR882272,N,215,G,V
LR882274,N,194,S,L
LR882275,N,203,R,K
LR882275,N,204,G,R
LR882275,N,418,Q,H
LR882276,N,199,P,S
LR882276,N,203,R,K
LR882276,N,204,G,R
LR882277,N,72,V,I
LR882277,N,199,P,S
LR882277,N,203,R,K
LR882277,N,204,G,R
LR882278,N,203,R,K
LR882278,N,204,G,R
LR882278,N,393,T,I
LR882279,N,34,G,W
LR882279,N,203,R,K
LR882279,N,204,G,R
LR882280,N,186,S,Y
LR882280,N,377,D,Y
LR882281,N,141,T,I
LR882281,N,215,G,V
LR882282,N,72,V,I
LR882282,N,199,P,S
LR882282,N,203,R,K
LR882282,N,204,G,R
LR882283,N,34,G,W
LR882283,N,203,R,K
LR882283,N,204,G,R
LR882284,N,76,T,I
LR882284,N,203,R,K
LR882284,N,204,G,R
LR882285,N,203,R,K
LR882285,N,204,G,R
LR882286,N,203,R,K
LR882286,N,204,G,R
LR882287,N,72,V,I
LR882287,N,199,P,S
LR882287,N,203,R,K
LR882287,N,204,G,R
LR882288,N,203,R,K
LR882288,N,204,G,R
LR882289,N,194,S,L
LR882290,N,72,V,I
LR882290,N,199,P,S
LR882290,N,203,R,K
LR882290,N,204,G,R
LR882292,N,203,R,K
LR882292,N,204,G,R
LR882294,N,220,A,V
LR882295,N,194,S,L
LR882296,N,76,T,I
LR882296,N,203,R,K
LR882296,N,204,G,R
LR882297,N,203,R,K
LR882297,N,204,G,R
LR882298,N,194,S,L
LR882299,N,72,V,I
LR882299,N,199,P,S
LR882299,N,203,R,K
LR882299,N,204,G,R
LR882299,N,399,D,Y
LR882300,N,10,R,L
LR882300,N,186,S,Y
LR882300,N,377,D,Y
LR882301,N,203,R,K
LR882301,N,204,G,R
LR882303,N,203,R,K
LR882303,N,204,G,R
LR882304,N,203,R,K
LR882304,N,204,G,R
LR882305,N,203,R,K
LR882305,N,204,G,R
LR882306,N,203,R,K
LR882306,N,204,G,R
LR882308,N,220,A,V
LR882309,N,203,R,K
LR882309,N,204,G,R
LR882310,N,76,T,I
LR882310,N,203,R,K
LR882310,N,204,G,R
LR882311,N,25,G,C
LR882311,N,72,V,I
LR882311,N,199,P,S
LR882311,N,203,R,K
LR882311,N,204,G,R
LR882313,N,72,V,I
LR882313,N,199,P,S
LR882313,N,203,R,K
LR882313,N,204,G,R
LR882314,N,72,V,I
LR882314,N,199,P,S
LR882314,N,203,R,K
LR882314,N,204,G,R
LR882314,N,399,D,Y
LR882315,N,203,R,K
LR882315,N,204,G,R
LR882316,N,203,R,K
LR882316,N,204,G,R
LR882317,N,72,V,I
LR882317,N,199,P,S
LR882317,N,203,R,K
LR882317,N,204,G,R
LR882318,N,215,G,V
LR882319,N,215,G,V
LR882321,N,215,G,V
LR882323,N,36,R,Q
LR882323,N,128,D,N
LR882323,N,203,R,K
LR882324,N,207,P,L
LR882325,N,72,V,I
LR882325,N,199,P,S
LR882325,N,203,R,K
LR882325,N,204,G,R
LR882326,N,25,G,C
LR882326,N,72,V,I
LR882326,N,199,P,S
LR882326,N,203,R,K
LR882326,N,204,G,R
LR882327,N,72,V,I
LR882327,N,199,P,S
LR882327,N,203,R,K
LR882327,N,204,G,R
LR882328,N,72,V,I
LR882328,N,199,P,S
LR882328,N,203,R,K
LR882328,N,204,G,R
LR882329,N,34,G,W
LR882329,N,203,R,K
LR882329,N,204,G,R
LR882330,N,203,R,K
LR882330,N,204,G,R
LR882331,N,72,V,I
LR882331,N,199,P,S
LR882331,N,203,R,K
LR882331,N,204,G,R
LR882332,N,72,V,I
LR882332,N,199,P,S
LR882332,N,203,R,K
LR882332,N,204,G,R
LR882333,N,203,R,K
LR882333,N,204,G,R
LR882335,N,25,G,C
LR882335,N,72,V,I
LR882335,N,199,P,S
LR882335,N,203,R,K
LR882335,N,204,G,R
LR882336,N,25,G,C
LR882336,N,72,V,I
LR882336,N,199,P,S
LR882336,N,203,R,K
LR882336,N,204,G,R
LR882337,N,215,G,V
LR882338,N,194,S,L
LR882339,N,25,G,C
LR882339,N,72,V,I
LR882339,N,199,P,S
LR882339,N,203,R,K
LR882339,N,204,G,R
LR882340,N,72,V,I
LR882340,N,199,P,S
LR882340,N,203,R,K
LR882340,N,204,G,R
LR882341,N,207,P,L
LR882342,N,220,A,V
LR882343,N,72,V,I
LR882343,N,90,A,T
LR882343,N,199,P,S
LR882343,N,203,R,K
LR882343,N,204,G,R
LR882344,N,194,S,L
LR882345,N,194,S,L
LR882346,N,194,S,L
LR882347,N,220,A,V
LR882348,N,187,S,L
LR882348,N,203,R,K
LR882348,N,204,G,R
LR882349,N,195,R,K
LR882350,N,72,V,I
LR882350,N,199,P,S
LR882350,N,203,R,K
LR882350,N,204,G,R
LR882351,N,72,V,I
LR882351,N,199,P,S
LR882351,N,203,R,K
LR882351,N,204,G,R
LR882352,N,72,V,I
LR882352,N,199,P,S
LR882352,N,203,R,K
LR882352,N,204,G,R
LR882353,N,72,V,I
LR882353,N,199,P,S
LR882353,N,203,R,K
LR882353,N,204,G,R
LR882354,N,101,M,I
LR882354,N,203,R,K
LR882354,N,204,G,R
LR882355,N,203,R,K
LR882355,N,204,G,R
LR882356,N,25,G,C
LR882356,N,72,V,I
LR882356,N,199,P,S
LR882356,N,203,R,K
LR882356,N,204,G,R
LR882357,N,203,R,K
LR882357,N,204,G,R
LR882358,N,25,G,C
LR882358,N,72,V,I
LR882358,N,199,P,S
LR882358,N,203,R,K
LR882358,N,204,G,R
LR882359,N,72,V,I
LR882359,N,199,P,S
LR882359,N,203,R,K
LR882359,N,204,G,R
LR882360,N,72,V,I
LR882360,N,199,P,S
LR882360,N,203,R,K
LR882360,N,204,G,R
LR882361,N,203,R,K
LR882361,N,204,G,R
LR882362,N,194,S,L
LR882363,N,72,V,I
LR882363,N,199,P,S
LR882363,N,203,R,K
LR882363,N,204,G,R
LR882364,N,203,R,K
LR882364,N,204,G,R
LR882364,N,359,A,S
LR882365,N,187,S,L
LR882365,N,203,R,K
LR882365,N,204,G,R
LR882366,N,203,R,K
LR882366,N,204,G,R
LR882368,N,186,S,Y
LR882368,N,377,D,Y
LR882369,N,207,P,L
LR882370,N,186,S,Y
LR882370,N,377,D,Y
LR882371,N,25,G,C
LR882371,N,72,V,I
LR882371,N,199,P,S
LR882371,N,203,R,K
LR882371,N,204,G,R
LR882372,N,203,R,K
LR882372,N,204,G,R
LR882373,N,187,S,L
LR882373,N,203,R,K
LR882373,N,204,G,R
LR882374,N,220,A,V
LR882380,N,203,R,K
LR882380,N,204,G,R
LR882381,N,234,M,I
LR882381,N,376,A,T
LR882382,N,194,S,L
LR882383,N,203,R,K
LR882383,N,204,G,R
LR882383,N,384,Q,H
LR882384,N,220,A,V
LR882385,N,203,R,K
LR882385,N,204,G,R
LR882385,N,359,A,S
LR882387,N,193,S,T
LR882388,N,203,R,K
LR882388,N,204,G,R
LR882388,N,359,A,S
LR882389,N,28,Q,H
LR882389,N,203,R,K
LR882389,N,204,G,R
LR882389,N,359,A,S
LR882390,N,220,A,V
LR882391,N,145,H,Y
LR882391,N,220,A,V
LR882392,N,203,R,K
LR882392,N,204,G,R
LR882394,N,220,A,V
LR882395,N,234,M,I
LR882395,N,376,A,T
LR882395,N,385,R,K
LR882397,N,220,A,V
LR882398,N,377,D,Y
LR882400,N,220,A,V
LR882401,N,234,M,I
LR882401,N,376,A,T
LR882401,N,385,R,K
LR882402,N,234,M,I
LR882402,N,376,A,T
LR882403,N,234,M,I
LR882403,N,376,A,T
LR882403,N,385,R,K
LR882404,N,234,M,I
LR882404,N,376,A,T
LR882405,N,72,V,I
LR882405,N,199,P,S
LR882405,N,203,R,K
LR882405,N,204,G,R
LR882406,N,186,S,Y
LR882406,N,377,D,Y
LR882407,N,220,A,V
LR882408,N,234,M,I
LR882408,N,376,A,T
LR882409,N,194,S,L
LR882412,N,194,S,L
LR882413,N,220,A,V
LR882414,N,72,V,I
LR882414,N,199,P,S
LR882414,N,203,R,K
LR882414,N,204,G,R
LR882414,N,322,M,I
LR882415,N,234,M,I
LR882415,N,376,A,T
LR882415,N,385,R,K
LR882418,N,193,S,T
LR882419,N,186,S,Y
LR882419,N,377,D,Y
LR882420,N,220,A,V
LR882421,N,234,M,I
LR882421,N,376,A,T
LR882422,N,234,M,I
LR882422,N,376,A,T
LR882422,N,377,D,Y
LR882424,N,234,M,I
LR882424,N,376,A,T
LR882427,N,220,A,V
LR882429,N,220,A,V
LR882430,N,203,R,K
LR882430,N,204,G,R
LR882431,N,203,R,K
LR882431,N,204,G,R
LR882432,N,186,S,Y
LR882432,N,377,D,Y
LR882434,N,234,M,I
LR882434,N,376,A,T
LR882435,N,186,S,Y
LR882435,N,377,D,Y
LR882436,N,72,V,I
LR882436,N,199,P,S
LR882436,N,203,R,K
LR882436,N,204,G,R
LR882436,N,288,D,N
LR882437,N,186,S,Y
LR882437,N,377,D,Y
LR882438,N,220,A,V
LR882440,N,203,R,K
LR882440,N,204,G,R
LR882441,N,186,S,Y
LR882441,N,377,D,Y
LR882442,N,220,A,V
LR882445,N,186,S,Y
LR882445,N,377,D,Y
LR882446,N,145,H,Y
LR882446,N,220,A,V
LR882447,N,203,R,K
LR882447,N,204,G,R
LR882448,N,194,S,L
LR882449,N,72,V,I
LR882449,N,199,P,S
LR882449,N,203,R,K
LR882449,N,204,G,R
LR882450,N,234,M,I
LR882450,N,376,A,T
LR882451,N,234,M,I
LR882451,N,376,A,T
LR882452,N,72,V,I
LR882452,N,199,P,S
LR882452,N,203,R,K
LR882452,N,204,G,R
LR882453,N,28,Q,H
LR882453,N,194,S,L
LR882454,N,220,A,V
LR882455,N,186,S,Y
LR882455,N,377,D,Y
LR882456,N,234,M,I
LR882456,N,376,A,T
LR882456,N,385,R,K
LR882457,N,234,M,I
LR882457,N,376,A,T
LR882457,N,385,R,K
LR882458,N,234,M,I
LR882458,N,376,A,T
LR882459,N,76,T,I
LR882459,N,203,R,K
LR882459,N,204,G,R
LR882459,N,379,T,I
LR882459,N,401,D,Y
LR882461,N,220,A,V
LR882462,N,72,V,I
LR882462,N,199,P,S
LR882462,N,203,R,K
LR882462,N,204,G,R
LR882462,N,322,M,I
LR882463,N,220,A,V
LR882464,N,220,A,V
LR882465,N,220,A,V
LR882466,N,72,V,I
LR882466,N,199,P,S
LR882466,N,203,R,K
LR882466,N,204,G,R
LR882467,N,234,M,I
LR882467,N,376,A,T
LR882468,N,72,V,I
LR882468,N,199,P,S
LR882468,N,203,R,K
LR882468,N,204,G,R
LR882469,N,144,D,H
LR882469,N,220,A,V
LR882471,N,36,R,Q
LR882471,N,128,D,N
LR882471,N,203,R,K
LR882472,N,234,M,I
LR882472,N,376,A,T
LR882473,N,203,R,K
LR882473,N,204,G,R
LR882474,N,145,H,Y
LR882474,N,220,A,V
LR882476,N,193,S,T
LR882477,N,145,H,Y
LR882477,N,220,A,V
LR882478,N,144,D,H
LR882478,N,220,A,V
LR882479,N,186,S,Y
LR882479,N,377,D,Y
LR882481,N,220,A,V
LR882482,N,203,R,K
LR882482,N,204,G,R
LR882484,N,234,M,I
LR882484,N,376,A,T
LR882485,N,203,R,K
LR882485,N,204,G,R
LR882486,N,234,M,I
LR882486,N,376,A,T
LR882487,N,203,R,K
LR882487,N,204,G,R
LR882488,N,145,H,Y
LR882488,N,220,A,V
LR882489,N,220,A,V
LR882490,N,220,A,V
LR882491,N,186,S,Y
LR882491,N,377,D,Y
LR882492,N,220,A,V
MW042923,N,194,S,L
MW042923,N,414,A,V
MW042924,N,203,R,K
MW042924,N,204,G,R
MW042925,N,203,R,K
MW042925,N,204,G,R
LR882136,orf9b,77,Q,_
LR882145,orf9b,14,L,F
LR882176,orf9b,13,R,L
LR882183,orf9b,6,S,T
LR882196,orf9b,13,R,L
LR882218,orf9b,6,S,T
LR882239,orf9b,13,R,L
LR882249,orf9b,98,_,L
LR882284,orf9b,73,P,S
LR882296,orf9b,73,P,S
LR882300,orf9b,7,E,_
LR882310,orf9b,73,P,S
LR882323,orf9b,33,D,N
LR882354,orf9b,98,_,L
LR882366,orf9b,13,R,L
LR882389,orf9b,25,R,I
LR882453,orf9b,25,R,T
LR882459,orf9b,73,P,S
LR882471,orf9b,33,D,N
LR882081,orf9c,67,L,F
LR882082,orf9c,67,L,F
LR882083,orf9c,41,Q,_
LR882085,orf9c,67,L,F
LR882086,orf9c,33,P,T
LR882087,orf9c,67,L,F
LR882089,orf9c,67,L,F
LR882090,orf9c,50,G,N
LR882094,orf9c,52,L,F
LR882095,orf9c,67,L,F
LR882098,orf9c,4,S,L
LR882098,orf9c,33,P,T
LR882099,orf9c,50,G,N
LR882100,orf9c,9,L,P
LR882100,orf9c,50,G,N
LR882101,orf9c,50,G,N
LR882103,orf9c,67,L,F
LR882105,orf9c,41,Q,_
LR882108,orf9c,26,A,V
LR882108,orf9c,50,G,N
LR882109,orf9c,67,L,F
LR882110,orf9c,50,G,N
LR882112,orf9c,50,G,N
LR882113,orf9c,50,G,N
LR882114,orf9c,67,L,F
LR882115,orf9c,50,G,N
LR882116,orf9c,50,G,N
LR882117,orf9c,50,G,N
LR882121,orf9c,67,L,F
LR882122,orf9c,67,L,F
LR882124,orf9c,50,G,N
LR882126,orf9c,50,G,N
LR882127,orf9c,50,G,N
LR882128,orf9c,50,G,N
LR882129,orf9c,67,L,F
LR882130,orf9c,67,L,F
LR882131,orf9c,50,G,N
LR882132,orf9c,67,L,F
LR882133,orf9c,67,L,F
LR882134,orf9c,33,P,T
LR882135,orf9c,67,L,F
LR882136,orf9c,67,L,F
LR882138,orf9c,67,L,F
LR882139,orf9c,50,G,N
LR882140,orf9c,67,L,F
LR882141,orf9c,67,L,F
LR882142,orf9c,50,G,N
LR882143,orf9c,50,G,N
LR882144,orf9c,50,G,N
LR882145,orf9c,50,G,N
LR882146,orf9c,50,G,N
LR882147,orf9c,67,L,F
LR882148,orf9c,67,L,F
LR882150,orf9c,67,L,F
LR882151,orf9c,50,G,N
LR882152,orf9c,9,L,P
LR882152,orf9c,50,G,N
LR882154,orf9c,50,G,N
LR882155,orf9c,50,G,N
LR882156,orf9c,33,P,T
LR882157,orf9c,50,G,N
LR882161,orf9c,9,L,P
LR882161,orf9c,50,G,N
LR882162,orf9c,50,G,N
LR882163,orf9c,50,G,N
LR882164,orf9c,41,Q,_
LR882165,orf9c,33,P,T
LR882166,orf9c,34,H,Y
LR882166,orf9c,50,G,N
LR882167,orf9c,9,L,P
LR882167,orf9c,50,G,N
LR882168,orf9c,50,G,N
LR882169,orf9c,50,G,N
LR882170,orf9c,50,G,N
LR882172,orf9c,50,G,N
LR882173,orf9c,9,L,P
LR882173,orf9c,50,G,N
LR882174,orf9c,50,G,N
LR882175,orf9c,50,G,N
LR882176,orf9c,50,G,N
LR882177,orf9c,50,G,N
LR882178,orf9c,34,H,Y
LR882178,orf9c,50,G,N
LR882179,orf9c,50,G,N
LR882180,orf9c,50,G,N
LR882181,orf9c,50,G,N
LR882182,orf9c,50,G,N
LR882183,orf9c,50,G,N
LR882184,orf9c,50,G,N
LR882185,orf9c,50,G,N
LR882186,orf9c,50,G,N
LR882187,orf9c,33,P,T
LR882188,orf9c,5,C,F
LR882188,orf9c,62,V,L
LR882189,orf9c,50,G,N
LR882190,orf9c,50,G,N
LR882191,orf9c,50,G,N
LR882192,orf9c,50,G,N
LR882193,orf9c,50,G,N
LR882194,orf9c,50,G,N
LR882195,orf9c,50,G,N
LR882196,orf9c,50,G,N
LR882197,orf9c,5,C,F
LR882197,orf9c,62,V,L
LR882198,orf9c,50,G,N
LR882199,orf9c,50,G,N
LR882201,orf9c,34,H,Y
LR882201,orf9c,50,G,N
LR882203,orf9c,50,G,N
LR882204,orf9c,50,G,N
LR882205,orf9c,50,G,N
LR882206,orf9c,41,Q,_
LR882209,orf9c,50,G,N
LR882210,orf9c,5,C,F
LR882210,orf9c,62,V,L
LR882211,orf9c,50,G,N
LR882212,orf9c,50,G,N
LR882213,orf9c,50,G,N
LR882214,orf9c,50,G,N
LR882215,orf9c,50,G,N
LR882216,orf9c,50,G,N
LR882217,orf9c,50,G,N
LR882218,orf9c,50,G,N
LR882219,orf9c,34,H,Y
LR882219,orf9c,50,G,N
LR882220,orf9c,50,G,N
LR882221,orf9c,50,G,N
LR882222,orf9c,50,G,N
LR882223,orf9c,50,G,N
LR882224,orf9c,50,G,N
LR882225,orf9c,50,G,N
LR882226,orf9c,50,G,N
LR882227,orf9c,50,G,N
LR882228,orf9c,33,P,T
LR882229,orf9c,41,Q,_
LR882230,orf9c,50,G,N
LR882231,orf9c,50,G,N
LR882232,orf9c,41,Q,_
LR882233,orf9c,50,G,N
LR882234,orf9c,50,G,N
LR882235,orf9c,50,G,N
LR882236,orf9c,50,G,N
LR882237,orf9c,50,G,N
LR882238,orf9c,50,G,N
LR882239,orf9c,50,G,N
LR882240,orf9c,50,G,N
LR882241,orf9c,50,G,N
LR882242,orf9c,50,G,N
LR882243,orf9c,50,G,N
LR882244,orf9c,50,G,N
LR882245,orf9c,67,L,F
LR882246,orf9c,50,G,N
LR882247,orf9c,50,G,N
LR882249,orf9c,50,G,N
LR882250,orf9c,50,G,N
LR882251,orf9c,50,G,N
LR882252,orf9c,50,G,N
LR882253,orf9c,50,G,N
LR882254,orf9c,5,C,F
LR882254,orf9c,62,V,L
LR882255,orf9c,50,G,N
LR882256,orf9c,50,G,N
LR882257,orf9c,62,V,L
LR882258,orf9c,50,G,N
LR882259,orf9c,50,G,N
LR882260,orf9c,50,G,N
LR882261,orf9c,50,G,N
LR882262,orf9c,50,G,N
LR882263,orf9c,33,P,T
LR882264,orf9c,5,C,F
LR882264,orf9c,62,V,L
LR882265,orf9c,50,G,N
LR882266,orf9c,67,L,F
LR882267,orf9c,50,G,N
LR882268,orf9c,50,G,N
LR882269,orf9c,50,G,N
LR882270,orf9c,50,G,N
LR882271,orf9c,50,G,N
LR882272,orf9c,62,V,L
LR882274,orf9c,41,Q,_
LR882275,orf9c,50,G,N
LR882276,orf9c,50,G,N
LR882277,orf9c,50,G,N
LR882278,orf9c,50,G,N
LR882279,orf9c,50,G,N
LR882280,orf9c,33,P,T
LR882281,orf9c,5,C,F
LR882281,orf9c,62,V,L
LR882282,orf9c,50,G,N
LR882283,orf9c,50,G,N
LR882284,orf9c,50,G,N
LR882285,orf9c,50,G,N
LR882286,orf9c,50,G,N
LR882287,orf9c,50,G,N
LR882288,orf9c,50,G,N
LR882289,orf9c,41,Q,_
LR882290,orf9c,50,G,N
LR882292,orf9c,50,G,N
LR882294,orf9c,67,L,F
LR882295,orf9c,41,Q,_
LR882296,orf9c,50,G,N
LR882297,orf9c,50,G,N
LR882298,orf9c,41,Q,_
LR882299,orf9c,50,G,N
LR882300,orf9c,33,P,T
LR882301,orf9c,50,G,N
LR882303,orf9c,50,G,N
LR882304,orf9c,50,G,N
LR882305,orf9c,50,G,N
LR882306,orf9c,50,G,N
LR882308,orf9c,67,L,F
LR882309,orf9c,50,G,N
LR882310,orf9c,50,G,N
LR882311,orf9c,50,G,N
LR882313,orf9c,50,G,N
LR882314,orf9c,39,T,I
LR882314,orf9c,50,G,N
LR882315,orf9c,50,G,N
LR882316,orf9c,50,G,N
LR882317,orf9c,50,G,N
LR882318,orf9c,5,C,F
LR882318,orf9c,62,V,L
LR882319,orf9c,5,C,F
LR882319,orf9c,62,V,L
LR882321,orf9c,5,C,F
LR882321,orf9c,62,V,L
LR882323,orf9c,50,G,R
LR882325,orf9c,50,G,N
LR882326,orf9c,50,G,N
LR882327,orf9c,50,G,N
LR882328,orf9c,50,G,N
LR882329,orf9c,50,G,N
LR882330,orf9c,50,G,N
LR882331,orf9c,50,G,N
LR882332,orf9c,50,G,N
LR882333,orf9c,50,G,N
LR882335,orf9c,50,G,N
LR882336,orf9c,50,G,N
LR882337,orf9c,5,C,F
LR882337,orf9c,62,V,L
LR882338,orf9c,41,Q,_
LR882339,orf9c,50,G,N
LR882340,orf9c,50,G,N
LR882342,orf9c,67,L,F
LR882343,orf9c,50,G,N
LR882344,orf9c,41,Q,_
LR882345,orf9c,41,Q,_
LR882346,orf9c,41,Q,_
LR882347,orf9c,67,L,F
LR882348,orf9c,34,H,Y
LR882348,orf9c,50,G,N
LR882349,orf9c,42,E,K
LR882350,orf9c,50,G,N
LR882351,orf9c,50,G,N
LR882352,orf9c,50,G,N
LR882353,orf9c,50,G,N
LR882354,orf9c,50,G,N
LR882355,orf9c,50,G,N
LR882356,orf9c,50,G,N
LR882357,orf9c,50,G,N
LR882358,orf9c,50,G,N
LR882359,orf9c,50,G,N
LR882360,orf9c,50,G,N
LR882361,orf9c,50,G,N
LR882362,orf9c,41,Q,_
LR882363,orf9c,50,G,N
LR882364,orf9c,50,G,N
LR882365,orf9c,34,H,Y
LR882365,orf9c,50,G,N
LR882366,orf9c,50,G,N
LR882368,orf9c,33,P,T
LR882370,orf9c,33,P,T
LR882371,orf9c,50,G,N
LR882372,orf9c,50,G,N
LR882373,orf9c,34,H,Y
LR882373,orf9c,50,G,N
LR882374,orf9c,67,L,F
LR882380,orf9c,50,G,N
LR882382,orf9c,41,Q,_
LR882383,orf9c,50,G,N
LR882384,orf9c,67,L,F
LR882385,orf9c,50,G,N
LR882387,orf9c,40,V,L
LR882388,orf9c,50,G,N
LR882389,orf9c,50,G,N
LR882390,orf9c,67,L,F
LR882391,orf9c,67,L,F
LR882392,orf9c,50,G,N
LR882394,orf9c,67,L,F
LR882397,orf9c,67,L,F
LR882400,orf9c,67,L,F
LR882405,orf9c,50,G,N
LR882406,orf9c,33,P,T
LR882407,orf9c,67,L,F
LR882409,orf9c,41,Q,_
LR882412,orf9c,41,Q,_
LR882413,orf9c,67,L,F
LR882414,orf9c,50,G,N
LR882418,orf9c,40,V,L
LR882419,orf9c,33,P,T
LR882420,orf9c,67,L,F
LR882427,orf9c,67,L,F
LR882429,orf9c,67,L,F
LR882430,orf9c,50,G,N
LR882431,orf9c,50,G,N
LR882432,orf9c,33,P,T
LR882435,orf9c,33,P,T
LR882436,orf9c,50,G,N
LR882437,orf9c,4,S,L
LR882437,orf9c,33,P,T
LR882438,orf9c,67,L,F
LR882440,orf9c,50,G,N
LR882441,orf9c,33,P,T
LR882442,orf9c,67,L,F
LR882445,orf9c,33,P,T
LR882446,orf9c,67,L,F
LR882447,orf9c,9,L,P
LR882447,orf9c,50,G,N
LR882448,orf9c,41,Q,_
LR882449,orf9c,50,G,N
LR882452,orf9c,50,G,N
LR882453,orf9c,41,Q,_
LR882454,orf9c,67,L,F
LR882455,orf9c,33,P,T
LR882459,orf9c,50,G,N
LR882461,orf9c,67,L,F
LR882462,orf9c,50,G,N
LR882463,orf9c,67,L,F
LR882464,orf9c,67,L,F
LR882465,orf9c,67,L,F
LR882466,orf9c,50,G,N
LR882468,orf9c,50,G,N
LR882469,orf9c,67,L,F
LR882471,orf9c,50,G,R
LR882473,orf9c,50,G,N
LR882474,orf9c,67,L,F
LR882476,orf9c,40,V,L
LR882477,orf9c,67,L,F
LR882478,orf9c,67,L,F
LR882479,orf9c,33,P,T
LR882481,orf9c,67,L,F
LR882482,orf9c,9,L,P
LR882482,orf9c,50,G,N
LR882485,orf9c,50,G,N
LR882487,orf9c,9,L,P
LR882487,orf9c,50,G,N
LR882488,orf9c,67,L,F
LR882489,orf9c,67,L,F
LR882490,orf9c,67,L,F
LR882491,orf9c,33,P,T
LR882492,orf9c,67,L,F
MW042923,orf9c,41,Q,_
MW042924,orf9c,50,G,N
MW042925,orf9c,50,G,N
LR882081,orf10,30,V,L
LR882082,orf10,30,V,L
LR882085,orf10,30,V,L
LR882087,orf10,30,V,L
LR882089,orf10,30,V,L
LR882095,orf10,30,V,L
LR882103,orf10,30,V,L
LR882108,orf10,30,V,L
LR882109,orf10,30,V,L
LR882114,orf10,30,V,L
LR882121,orf10,30,V,L
LR882122,orf10,30,V,L
LR882129,orf10,30,V,L
LR882130,orf10,30,V,L
LR882132,orf10,30,V,L
LR882133,orf10,30,V,L
LR882135,orf10,30,V,L
LR882136,orf10,30,V,L
LR882138,orf10,30,V,L
LR882140,orf10,30,V,L
LR882141,orf10,30,V,L
LR882147,orf10,30,V,L
LR882148,orf10,30,V,L
LR882150,orf10,30,V,L
LR882245,orf10,30,V,L
LR882266,orf10,30,V,L
LR882282,orf10,24,R,L
LR882294,orf10,30,V,L
LR882308,orf10,30,V,L
LR882342,orf10,30,V,L
LR882347,orf10,30,V,L
LR882374,orf10,30,V,L
LR882384,orf10,30,V,L
LR882390,orf10,30,V,L
LR882391,orf10,30,V,L
LR882394,orf10,30,V,L
LR882397,orf10,30,V,L
LR882400,orf10,30,V,L
LR882406,orf10,23,S,F
LR882407,orf10,30,V,L
LR882413,orf10,30,V,L
LR882420,orf10,30,V,L
LR882427,orf10,30,V,L
LR882429,orf10,30,V,L
LR882438,orf10,30,V,L
LR882442,orf10,30,V,L
LR882446,orf10,30,V,L
LR882454,orf10,30,V,L
LR882461,orf10,30,V,L
LR882463,orf10,30,V,L
LR882464,orf10,30,V,L
LR882465,orf10,30,V,L
LR882469,orf10,30,V,L
LR882474,orf10,30,V,L
LR882477,orf10,30,V,L
LR882478,orf10,30,V,L
LR882481,orf10,30,V,L
LR882488,orf10,30,V,L
LR882489,orf10,30,V,L
LR882490,orf10,30,V,L
LR882492,orf10,30,V,L
