subtype,reference,name,segment,segments,protein_coding,residue_offset,domains
H1N1,A-Victoria-2570-2019,PB2,1,16..2295,1,0,[]
H1N1,A-Victoria-2570-2019,PB1,2,13..2286,1,0,[]
H1N1,A-Victoria-2570-2019,PA,3,13..2163,1,0,[]
H1N1,A-Victoria-2570-2019,HA,4,1..1701,1,17,"[{""name"": ""signal peptide"", ""ranges"": [[1, 17]]}, {""name"": ""HA1"", ""ranges"": [[18, 344]]}, {""name"": ""HA2"", ""ranges"": [[345, 566]]}]"
H1N1,A-Victoria-2570-2019,NP,5,34..1530,1,0,[]
H1N1,A-Victoria-2570-2019,NA,6,10..1419,1,0,[]
H1N1,A-Victoria-2570-2019,M1,7,26..784,1,0,[]
H1N1,A-Victoria-2570-2019,M2,7,26..51;740..1007,1,0,[]
H1N1,A-Victoria-2570-2019,NEP,8,27..56;529..864,1,0,[]
H1N1,A-Victoria-2570-2019,NS1,8,27..719,1,0,[]
H3N2,A-Cambodia-e0826360-2020,PB2,1,18..2297,1,0,[]
H3N2,A-Cambodia-e0826360-2020,PB1,2,15..2288,1,0,[]
H3N2,A-Cambodia-e0826360-2020,PA,3,11..2161,1,0,[]
H3N2,A-Cambodia-e0826360-2020,HA,4,1..1701,1,16,"[{""name"": ""signal peptide"", ""ranges"": [[1, 16]]}, {""name"": ""HA1"", ""ranges"": [[17, 345]]}, {""name"": ""HA2"", ""ranges"": [[346, 566]]}]"
H3N2,A-Cambodia-e0826360-2020,NP,5,37..1533,1,0,[]
H3N2,A-Cambodia-e0826360-2020,NA,6,1..1410,1,0,[]
H3N2,A-Cambodia-e0826360-2020,M1,7,26..784,1,0,[]
H3N2,A-Cambodia-e0826360-2020,M2,7,26..51;740..1007,1,0,[]
H3N2,A-Cambodia-e0826360-2020,NEP,8,23..52;525..860,1,0,[]
H3N2,A-Cambodia-e0826360-2020,NS1,8,23..715,1,0,[]
H3N2,A-Darwin-9-2021,PB2,1,1..2280,1,0,[]
H3N2,A-Darwin-9-2021,PB1,2,1..2274,1,0,[]
H3N2,A-Darwin-9-2021,PA,3,1..2151,1,0,[]
H3N2,A-Darwin-9-2021,HA,4,1..1701,1,16,"[{""name"": ""signal peptide"", ""ranges"": [[1, 16]]}, {""name"": ""HA1"", ""ranges"": [[17, 345]]}, {""name"": ""HA2"", ""ranges"": [[346, 566]]}]"
H3N2,A-Darwin-9-2021,NP,5,1..1497,1,0,[]
H3N2,A-Darwin-9-2021,NA,6,8..1417,1,0,[]
H3N2,A-Darwin-9-2021,M1,7,1..759,1,0,[]
H3N2,A-Darwin-9-2021,M2,7,1..26;715..979,1,0,[]
H3N2,A-Darwin-9-2021,NEP,8,1..30;503..838,1,0,[]
H3N2,A-Darwin-9-2021,NS1,8,1..693,1,0,[]
B-yam,B-Phuket-3073-2013,PB2,1,1..2313,1,0,[]
B-yam,B-Phuket-3073-2013,PB1,2,1..2259,1,0,[]
B-yam,B-Phuket-3073-2013,PA,3,1..2181,1,0,[]
B-yam,B-Phuket-3073-2013,HA,4,1..1755,1,0,[]
B-yam,B-Phuket-3073-2013,NP,5,1..1683,1,0,[]
B-yam,B-Phuket-3073-2013,NA,6,34..1434,1,0,[]
B-yam,B-Phuket-3073-2013,NB,6,27..329,1,0,[]
B-yam,B-Phuket-3073-2013,M,7,1..747,1,0,[]
B-yam,B-Phuket-3073-2013,BM2,7,747..1076,1,0,[]
B-yam,B-Phuket-3073-2013,NEP,8,1..33;689..1024,1,0,[]
B-yam,B-Phuket-3073-2013,NS1,8,1..846,1,0,[]
B-vic,B-Austria-1359417-2021,PB2,1,1..2313,1,0,[]
B-vic,B-Austria-1359417-2021,PB1,2,1..2259,1,0,[]
B-vic,B-Austria-1359417-2021,PA,3,1..2181,1,0,[]
B-vic,B-Austria-1359417-2021,HA,4,1..1749,1,0,[]
B-vic,B-Austria-1359417-2021,NP,5,1..1683,1,0,[]
B-vic,B-Austria-1359417-2021,NA,6,8..1408,1,0,[]
B-vic,B-Austria-1359417-2021,NB,6,1..303,1,0,[]
B-vic,B-Austria-1359417-2021,M,7,1..747,1,0,[]
B-vic,B-Austria-1359417-2021,BM2,7,747..1076,1,0,[]
B-vic,B-Austria-1359417-2021,NEP,8,1..36;692..1027,1,0,[]
B-vic,B-Austria-1359417-2021,NS1,8,1..849,1,0,[]
B-vic,B-Washington-02-2019,PB2,1,10..2322,1,0,[]
B-vic,B-Washington-02-2019,PB1,2,8..2266,1,0,[]
B-vic,B-Washington-02-2019,PA,3,16..2196,1,0,[]
B-vic,B-Washington-02-2019,HA,4,20..1768,1,0,[]
B-vic,B-Washington-02-2019,NP,5,47..1729,1,0,[]
B-vic,B-Washington-02-2019,NA,6,40..1440,1,0,[]
B-vic,B-Washington-02-2019,NB,6,33..335,1,0,[]
B-vic,B-Washington-02-2019,M,7,8..754,1,0,[]
B-vic,B-Washington-02-2019,BM2,7,754..1083,1,0,[]
B-vic,B-Washington-02-2019,NEP,8,29..64;720..1055,1,0,[]
B-vic,B-Washington-02-2019,NS1,8,29..877,1,0,[]